SMILE,solvent,type,ph,SRP
C1=CC([O])C=CC1[O-],H2O,anion,7.0,0.099
C1=CC(O)C=CC1O,H2O,neutral,7.0,0.459
C1=CC(O)C=CC1O,H2O,neutral,13.5,0.023
C1=CC(O)C=CC1O,H2O,neutral,11.0,0.057
C1=CC(O)C=CC1O,H2O,neutral,0.0,1.041
C1=CC(O)C=CC1O,H2O,neutral,7.0,0.286
CC1=CC([O])C=CC1[O-],H2O,anion,7.0,0.023
CC1=CC(O)C=CC1O,H2O,neutral,7.0,0.414
CC1=C(C(O)C=CC1O)C,H2O,neutral,7.0,0.424
CC1=CC([O])C(=CC1[O-])C,H2O,anion,7.0,-0.066
CC1=CC(O)C(=CC1O)C,H2O,neutral,7.0,0.426
CC1=CC(O)C(=CC1O)C,H2O,neutral,7.0,0.18
CC1=CC([O])C=C(C1[O-])C,H2O,anion,7.0,-0.08
CC1=CC(O)C=C(C1O)C,H2O,neutral,7.0,0.363
CC1=CC(O)C=C(C1O)C,H2O,neutral,7.0,0.142
CC1=CC(O)C(=C(C1O)C)C,H2O,neutral,7.0,0.393
CC1=C(C([O])C(=C(C1[O-])C)C)C,H2O,anion,7.0,-0.264
CC1=C(C(O)C(=C(C1O)C)C)C,H2O,neutral,7.0,0.354
CCC1=CC([O])C=CC1[O-],H2O,anion,7.0,0.0
CCC1=CC(O)C=CC1O,H2O,neutral,7.0,0.395
CCC1=CC(O)C=CC1O,H2O,neutral,7.0,-0.395
CC(C)(C)C1=CC([O])C=CC1[O-],H2O,anion,0.0,0.219
CC(C)(C)C1=CC([O])C=CC1[O-],H2O,anion,7.0,-0.025
CC(C)(C)C1=CC([O])C=CC1[O-],H2O,anion,14.0,-0.023
CC(C)(C)C1=CC([O])C=CC1[O-],H2O,anion,7.0,-0.032
CC(C)(C)C1=CC(O)C=CC1O,H2O,neutral,0.0,1.061
CC(C)(C)C1=CC(O)C=CC1O,H2O,neutral,7.0,0.489
CC(C)(C)C1=CC(O)C=CC1O,H2O,neutral,14.0,-0.075
CC(C)(C)C1=CC(O)C=CC1O,H2O,neutral,7.0,0.453
CC1=CC([O-])C(=CC1[O])C(C)C,H2O,anion,7.0,-0.07
CC1=CC(O)C(=CC1O)C(C)C,H2O,neutral,7.0,0.358
CC1=CC(O)C(=CC1O)C(C)C,H2O,neutral,7.0,-0.428
COC1=CC([O])C=C(C1[O-])OC,H2O,anion,7.0,-0.15
COC1=CC(O)C=C(C1O)OC,H2O,neutral,7.0,0.187
COC1=CC(O)C=C(C1O)OC,H2O,neutral,7.0,-0.337
CC1=C(C([O])C(=CC1[O-])OC)OC,H2O,anion,7.0,-0.11
CC1=C(C(O)C(=CC1O)OC)OC,H2O,neutral,7.0,0.29
CC1=C(C(O)C(=CC1O)OC)OC,H2O,neutral,7.0,0.399
CC1=CC([O])C(=C(C1[O-])OC)OC,H2O,anion,7.0,-0.13
CC1=C(C([O-])C(=C(C1[O])OC)OC)CC=C(C)C,H2O,anion,7.0,-0.23
CC1=C(C(O)C(=C(C1O)OC)OC)CC=C(C)C,H2O,neutral,7.0,0.19
CC1=C(C(O)C(=C(C1O)OC)OC)CC=C(C)C,H2O,neutral,7.0,0.7
CC1=C(C([O-])C(=C(C1[O])OC)OC)CCCCCCCCCC[P+](C2=CC=CC=C2)(C3=CC=CC=C3)C4=CC=CC=C4,H2O,neutral,7.0,-0.105
CC1=C(C([O-])C(=CC1[O])C/C=C(\C)/CC/C=C(\C)/CC/C=C(\C)/CC/C=C(\C)/CC/C=C(\C)/CC/C=C(\C)/CC/C=C(\C)/CC/C=C(\C)/CCC=C(C)C)C,H2O,anion,7.0,-0.165
CC1=C(C(O)C(=CC1O)C/C=C(\C)/CC/C=C(\C)/CC/C=C(\C)/CC/C=C(\C)/CC/C=C(\C)/CC/C=C(\C)/CC/C=C(\C)/CC/C=C(\C)/CCC=C(C)C)C,H2O,neutral,7.0,0.055
CC1=C(C(O)C(=CC1O)C/C=C(\C)/CC/C=C(\C)/CC/C=C(\C)/CC/C=C(\C)/CC/C=C(\C)/CC/C=C(\C)/CC/C=C(\C)/CC/C=C(\C)/CCC=C(C)C)C,H2O,neutral,7.0,0.11
C1CN1C2=C(C([O])C(=C(C2[O-])NCCO)N3CC3)NCCO,H2O,anion,7.0,-0.383
CCOC(=O)NC1=C(C([O-])C(=C(C1[O])N2CC2)NC(=O)OCC)N3CC3,H2O,anion,7.0,-0.228
C1=CC=C(C(=C1)[O])[O-],H2O,anion,7.0,0.21
C1=CC=C(C(=C1)O)O,H2O,neutral,7.0,0.53
C1=CC=C(C(=C1)O)O,H2O,neutral,13.5,0.043
C1=CC=C(C(=C1)O)O,H2O,neutral,11.0,0.139
C1=CC=C(C(=C1)O)O,H2O,neutral,3.5,0.85
C1=CC=C(C(=C1)O)O,H2O,neutral,0.0,1.06
C1=CC=C(C(=C1)O)O,H2O,neutral,7.0,0.37
COC(C1=CC=CC(O)C1O)=O,H2O,neutral,13.5,0.118
COC(=O)C1=CC(=C(C=C1)O)O,H2O,neutral,13.5,0.119
C1=CC(=C(C=C1CC(=O)O)O)O,H2O,neutral,13.5,0.021
C1=CC(=C(C=C1CCN)O)O,H2O,neutral,13.5,0.018
C1=CC(=C(C=C1C(CN)O)O)O,H2O,neutral,13.5,0.044
C1=CC(=C(C=C1/C=C/C(=O)O)O)O,H2O,neutral,13.5,0.084
C1=CC(=C(C=C1/C=C/C(=O)O)O)O,H2O,neutral,7.0,0.54
C1=CC(=C(C=C1/C=C/C(=O)O)O)O,H2O,neutral,3.5,0.88
C1=CC(=C(C=C1/C=C/C(=O)O)O)O,H2O,neutral,0.0,1.09
CNCC(=O)C1=CC(=C(C=C1)O)O,H2O,neutral,13.5,0.18
C1=CC(=C(C=C1CC(C(=O)O)N)O)O,H2O,neutral,13.5,0.014
C1=CC(=CC(=C1)O)O,H2O,neutral,13.5,0.385
C1=CC(=CC(=C1)O)O,H2O,neutral,7.0,0.81
C1=CC(=CC(=C1)O)O,H2O,neutral,13.5,0.3
C1=CC(=CC(=C1)O)O,H2O,neutral,11.6,0.304
C1=CC(=C(C=C1O)C(=O)O)O,H2O,neutral,13.5,0.033
C1=C(C=C(C=C1O)O)C(=O)O,H2O,neutral,13.5,0.28
COC1=CC(=CC(=C1)O)O,H2O,neutral,7.0,0.84
COC1=CC(=CC(=C1)O)O,H2O,neutral,3.5,0.53
COC1=CC(=CC(=C1)O)O,H2O,neutral,0.0,0.85
COC1=CC(=CC(=C1)O)O,H2O,neutral,7.0,1.06
C1=C(C(=CC(=C1S(=O)(=O)[O-])O)S(=O)(=O)[O-])O,H2O,neutral,12.9,0.116
COC1=C(C=CC(=C1)O)O,H2O,neutral,13.5,-0.085
CC(=O)C1=C(C=CC(=C1)O)O,H2O,neutral,13.5,0.118
C1=CC(=C(C=C1O)CC(=O)O)O,H2O,neutral,13.5,-0.5
C1=CC(=C(C=C1O)C(=O)O)O,H2O,neutral,13.5,0.033
[O]C1C(Cl)=CC([O-])C(Cl)=C1,H2O,anion,7.0,0.47
OC1C(Cl)=CC(O)C(Cl)=C1,H2O,neutral,7.0,0.617
OC1C(Cl)=CC(O)C(Cl)=C1,H2O,neutral,7.0,0.544
[O-]C1C(Cl)=C(Cl)C([O])C(Cl)=C1Cl,H2O,anion,7.0,0.65
C1CN1C2=C(C([O-])C(=C(C2[O])Br)N3CC3)Br,H2O,anion,7.0,0.032
C1CN1C2=C(C([O-])C(=C(C2[O])Cl)N3CC3)Cl,H2O,anion,7.0,0.051
C1CN1C2=C(C([O-])C(=C(C2[O])F)N3CC3)F,H2O,anion,7.0,0.09
[O]C1C=CC2=CC=CC=C2C1[O-],iso-propyl alcohol,anion,7.0,0.068
[O]C1C=CC2=CC=CC=C2C1[O-],H2O,anion,7.8,-0.089
C1=CC=C2C([O])C=CC([O-])C2=C1,iso-propyl alcohol,anion,7.0,0.05
C1=CC=C2C([O])C=CC([O-])C2=C1,H2O,anion,7.8,-0.14
[O-]C(C=CC1[O])C2=C1C=CC=C2O,H2O,anion,7.0,-0.093
[O]C1C=C(O)C2=CC=CC=C2C1[O-],iso-propyl alcohol,anion,7.0,-0.139
[O]C1C=C(O)C2=CC=CC=C2C1[O-],H2O,anion,7.0,-0.415
C1=CC(=C2C([O])C=CC([O-])C2=C1O)O,H2O,anion,7.0,-0.11
[O]C1C2=CC=CC=C2C([O-])C(S(=O)([O-])=O)=C1,H2O,anion,7.0,-0.06
OC1C2=CC=CC=C2C(O)C(S(=O)([O-])=O)=C1,H2O,neutral,7.0,0.3
OC1C2=CC=CC=C2C(O)C(S(=O)([O-])=O)=C1,H2O,neutral,7.0,0.12
CC1=CC(C2=CC=CC=C2C1[O-])[O],H2O,anion,7.0,-0.335
CC1=CC(C2=CC=CC=C2C1O)O,H2O,neutral,7.0,0.193
CC1=CC(C2=CC=CC=C2C1O)O,H2O,neutral,7.0,-0.005
CC1=CC(C2=C(C=CC=C2O)C1[O-])[O],H2O,anion,7.0,-0.156
[O]C1C2=CC=CC=C2C([O-])C(CO)=C1,H2O,anion,7.67,-0.152
COCC1=CC(C2=CC=CC=C2C1[O-])[O],H2O,anion,7.67,-0.129
CC(OCC1=CC(C2=CC=CC=C2C1[O-])[O])=O,H2O,anion,7.67,-0.106
[O]C1C2=CC=CC=C2C([O-])C(COC(NCCCl)=O)=C1,H2O,anion,7.67,-0.122
BrCC1=CC(C(C=CC2[O])[O-])=C2C=C1,H2O,anion,7.67,-0.092
ClCC1=CC(C(C=CC2[O])[O-])=C2C=C1,H2O,anion,7.67,-0.094
CC(OCC1=CC2=C(C(C=CC2[O-])[O])C=C1)=O,H2O,anion,7.67,-0.094
CNC(OCC1=CC2=C(C(C=CC2[O-])[O])C=C1)=O,H2O,anion,7.67,-0.099
CC1=C(C)C(C2=CC=CC=C2C1[O-])[O],H2O,anion,7.0,-0.24
COC1=C(OC)C(C2=CC=CC=C2C1[O])[O-],H2O,anion,7.0,-0.24
C1=CC=C2C(=C1)C([O-])C(=C(C2[O])Cl)Cl,H2O,anion,7.0,-0.036
[O]C1C2=CC=CC=C2C([O-])C(SCC(NC(CCC(N)C(O)=O)=O)C(NCC(O)=O)=O)=C1,H2O,anion,7.0,-0.132
CC1=C(SC[C@H](NC(CC[C@H](N)C(O)=O)=O)C(NCC(O)=O)=O)C(C2=CC=CC=C2C1[O])[O-],H2O,anion,7.67,-0.192
CC1=C(SC[C@H](NC(CC[C@H](N)C(O)=O)=O)C(NCC(O)=O)=O)C(C2=CC=CC=C2C1[O])[O-],H2O,anion,7.0,-0.195
[O-]C1C2=CC=CC=C2C([O])C(SCC(NC(CCC(N)C(O)=O)=O)C(NCC(O)=O)=O)=C1SCC(NC(CCC(N)C(O)=O)=O)C(NCC(O)=O)=O,H2O,anion,7.0,-0.15
CC1=C(C/C=C(CCCC(CCCC(CCCC(C)C)C)C)\C)C(C2=CC=CC=C2C1[O])[O-],H2O,anion,7.0,-0.17
CC1=C(C/C=C(CCCC(CCCC(CCCC(C)C)C)C)\C)C(C2=CC=CC=C2C1O)O,H2O,neutral,7.0,0.22
CC1=C(C/C=C(CCCC(CCCC(CCCC(C)C)C)C)\C)C(C2=CC=CC=C2C1O)O,H2O,neutral,7.0,-0.06
C1=CC2=C(C(O)C=CC2O)N=C1,H2O,neutral,7.0,-0.218
CC1=CC(O)C2=C(C1O)C=CC=N2,H2O,neutral,7.0,-0.279
CC1=CC(O)C2=C(C1O)N=CC=C2,H2O,neutral,7.0,-0.282
CC1=C(C(O)C2=C(C1O)C=CC=N2)C,H2O,neutral,7.0,-0.317
C1=CC(O)C2=NC=CN=C2C1O,H2O,neutral,7.0,-0.163
CC1=C(N=C2C(O)C=CC(O)C2=N1)C,H2O,neutral,7.0,-0.211
[O]C1C2=CC=CC=C2C([O-])C3=CC=CC=C13,H2O,anion,7.0,-0.445
[O]C1C2=CC=CC=C2C([O-])C3=CC=CC=C13,H2O,anion,11.0,-0.445
[O]C1C2=CC=CC=C2C([O-])C3=C1C=CC=C3O,H2O,anion,7.0,-0.385
[O]C1C2=CC=CC=C2C([O-])C3=C1C=CC=C3O,H2O,anion,11.0,-0.415
[O]C1C2=CC=CC=C2C([O-])C3=C1C=CC=C3N,H2O,anion,7.0,-0.435
[O]C1C2=CC=CC=C2C([O-])C3=C1C=CC=C3N,H2O,anion,11.0,-0.48
[O]C1C2=CC=CC=C2C([O-])C3=C(O)C=CC(O)=C13,H2O,anion,7.0,-0.249
[O]C1C2=CC=CC=C2C([O-])C3=C(O)C=CC(O)=C13,H2O,anion,11.0,-0.304
[O]C1C2=CC=CC=C2C([O-])C3=C(O)C=CC(N)=C13,H2O,anion,7.0,-0.408
[O]C1C2=CC=CC=C2C([O-])C3=C(O)C=CC(N)=C13,H2O,anion,11.0,-0.414
[O]C1C2=CC=CC=C2C([O-])C3=C(N)C=CC(N)=C13,H2O,anion,7.0,-0.41
[O]C1C2=CC=CC=C2C([O-])C3=C(N)C=CC(N)=C13,H2O,anion,11.0,-0.424
OC1=CC=CC2=C1C(C3=C(C(O)=CC=C3)C2[O])[O-],H2O,anion,7.0,-0.306
OC1=CC=CC2=C1C(C3=C(C(O)=CC=C3)C2[O])[O-],H2O,anion,11.0,-0.34
OC1=CC=CC2=C1C(C3=C(C=CC=C3O)C2[O])[O-],H2O,anion,7.0,-0.325
OC1=CC=CC2=C1C(C3=C(C=CC=C3O)C2[O])[O-],H2O,anion,11.0,-0.405
[O]C1C2=CC=CC=C2C([O-])C3=C1C=CC(S(=O)([O-])=O)=C3,iso-propyl alcohol,anion,7.0,-0.266
[O]C1C2=CC=CC=C2C([O-])C3=C1C=CC(S(=O)([O-])=O)=C3,H2O,anion,7.0,-0.39
OC1C2=CC=CC=C2C(O)C3=C1C=CC(S(=O)([O-])=O)=C3,H2O,neutral,7.0,-0.076
OC1C2=CC=CC=C2C(O)C3=C1C=CC(S(=O)([O-])=O)=C3,iso-propyl alcohol,neutral,7.0,-0.228
[O]C1C2=CC=CC=C2C([O-])C3=C1C=CC=C3S(=O)([O-])=O,iso-propyl alcohol,anion,7.0,-0.218
[O]C1C2=CC=CC=C2C([O-])C3=C1C(O)=CC(S(=O)([O-])=O)=C3O,H2O,anion,7.0,-0.27
O=S(C1=CC(C(C2=C(O)C=CC(O)=C2C3[O])[O-])=C3C=C1)([O-])=O,H2O,anion,7.0,-0.249
OCCNCCNC1=C(C(C2=C(O)C=CC(O)=C2C3[O-])[O])C3=C(NCCNCCO)C=C1,H2O,anion,7.0,-0.527
CC(OCCNCCNC1=C2C(C(C3=CC=CC=C3C2[O-])[O])=C(NCCNCCOC(C)=O)C=C1)=O,H2O,anion,7.0,-0.348
OC(C1=C(O)C=CC(O)=C1C2O)C3=C2C(O)=C(O)C=C3,H2O,neutral,13.5,-0.073
[O-]C1C=CC([O])C2=C(C)N(C)C(C3=CC=CC=C3)=C12,H2O,anion,7.0,-0.44
CC1=C(C)C(C2=C3N(CCC3)C=C2C1[O])[O-],H2O,anion,7.0,-0.42
CC1=C(C)C(C2=C(C3=CC=CC=C3)N(C)C(C)=C2C1[O])[O-],H2O,anion,7.0,-0.423
[O-]C1C=CC([O])C2=C(C3=CC=CC=C3)N(CCC4)C4=C12,H2O,anion,7.0,-0.427
[O-]C1C=CC([O])C2=CN(C)C(C3=CC=CC=C3)=C12,H2O,anion,7.0,-0.419
[O-]C1C2=C(CCC3)N3C(C)=C2C([O])C=C1,H2O,anion,7.0,-0.438
[O-]C1C2=C(CCC3)N3C(C4=CC=CC=C4)=C2C([O])C(C)=C1C,H2O,anion,7.0,-0.435
CC1=C(C)C(C2=C(C3=CC=CC=C3)N(C)C(C)=C2C1[O])[O-],H2O,anion,7.0,-0.452
[O]C1C2=C(CCC3)N3C(C(OCC)=O)=C2C([O-])C(C)=C1C,H2O,anion,7.0,-0.368
CCOC(C1=C2C(C(C(C)=C(C)C2[O-])[O])=C(C3=CC=CC=C3)N1C)=O,H2O,anion,7.0,-0.366
[O-]C1C2=C(CCC3)N3C(C(OCC)=O)=C2C([O])C(C)=C1OC,H2O,anion,7.0,-0.383
[O]C1C2=C(CCC3)N3C(C(OCC)=O)=C2C([O-])C(OC)=C1C,H2O,anion,7.0,-0.378
OC(C1C(C(C(O1)=O)[O-])[O])CO,H2O,anion,7.0,-0.175
OC(C1C(C(C(O1)=O)O)O)CO,H2O,neutral,7.0,0.282
OC(C1C(C(C(O1)=O)O)O)CO,H2O,neutral,7.0,0.054
[O-]C1C=C2C(C=C1[O])=[N+](CC2O)O,H2O,anion,7.0,-0.253
NC1=CC=CC2=C1C(N=NC2[O-])[O],H2O,anion,7.0,0.24
[O-]C1C2=CC=CC=C2C3=CC=CC=C3C1[O],H2O,anion,7.0,-0.124
C[C@H]1[C@@H](O)[C@@H](N)C[C@H](O[C@H]2C[C@@](C(CO)=O)(O)CC3=C2C(O)=C4C(C(C5=C(C(OC)=CC=C5)C4[O-])[O])=C3O)O1,H2O,anion,7.0,-0.341
C[C@H]1[C@@H](O)[C@@H](N)C[C@H](O[C@H]2C[C@@](C(C)=O)(O)CC3=C2C(O)=C4C(C(C5=C(C(OC)=CC=C5)C4[O-])[O])=C3O)O1,H2O,anion,7.0,-0.341
O=S(C1=CC(C([O])/C(N2)=C3NC4=C(C=C(S(=O)([O-])=O)C=C4)C\3[O-])=C2C=C1)([O-])=O,H2O,anion,7.0,-0.247
CC1=C(N)C(C2=C(N3C[C@H]4[C@H](N4)[C@]3(OC)[C@@H]2COC(N)=O)C1[O-])[O],H2O,anion,7.0,-0.31
CC1=C(N)C(C2=C(N3C[C@H]4[C@H](N4)[C@]3(OC)[C@@H]2COC(N)=O)C1O)O,H2O,neutral,7.0,0.055
CC1=C(N)C(C2=C(N3C[C@H]4[C@H](N4)[C@]3(OC)[C@@H]2COC(N)=O)C1O)O,H2O,neutral,7.0,-0.368
CN1C=C(CO)C2=C1C(C(OC)=CC2[O])[O-],H2O,anion,7.0,-0.332
CC1=C(C2=C(N1C)C([O-])C(=CC2[O])OC)CO,H2O,anion,7.0,-0.376
CC1=C(C([O-])C2=C(C1[O])N(C(=C2CO)C)C)OC,H2O,anion,7.0,-0.317
CC1=C(C2=C(N1C)C([O])C=C(C2[O-])N3CCOCC3)CO,H2O,anion,7.0,-0.365
CN1C(=C(C2=C1C([O])C=C(C2[O-])OC)CO)C3=CC=CC=C3,H2O,anion,7.0,-0.315
CC1=C(C2=C(N1C3CC3)C([O])C=C(C2[O-])OC)CO,H2O,anion,7.0,-0.336
CCC1=C(C2=C(N1CC3=CC=CC=C3)C([O])C=C(C2[O-])OC)CO,H2O,anion,7.0,-0.326
CC1=C(C2=C(N1C3=CC=CC=C3)C([O])C=C(C2[O-])OC)CO,H2O,anion,7.0,-0.336
CC1=C(C([O-])C2=C(C1[O])N(C(=C2CO)C)C3=CC=CC=C3)OC,H2O,anion,7.0,-0.345
CC1=C(CO)C2=C(C(C=C(OC)C2[O-])[O])N1C3=CC=C(F)C=C3,H2O,anion,7.0,-0.31
CCCN1C(=C(C2=C1C([O])C(=C(C2[O-])OC)C)CO)C,H2O,anion,7.0,-0.318
CCCN1C(=C(C2=C1C([O])C=C(C2[O-])OC)CO)C,H2O,anion,7.0,-0.324
CC1=C(C2=C(N1C)C([O])C=C(C2[O-])OC)C(C)O,H2O,anion,7.0,-0.302
CC1=C(C2=C(N1C)C([O])C=C(C2[O-])N3CCN(CC3)C)C(C)O,H2O,anion,7.0,-0.285
CC1=C(C2=C(N1C)C([O])C=C(C2[O-])OC)C(C3=CC=CC=C3)O,H2O,anion,7.0,-0.332
CC1=C(C2=C(N1C)C([O])C=C(C2[O-])OC)C(C3=CC=CS3)O,H2O,anion,7.0,-0.376
COC1=CC([O])C2=C(C1[O-])C(=C3N2CCC3)CO,H2O,anion,7.0,-0.317
[O]C(C(Br)=C/1)C(Br)=CC1=C2C=C(Br)C(C(Br)=C/2)[O-],H2O,anion,7.0,0.26
C1=C(C([O])C(=CC1=C2C=C(C([O-])C(=C2)Cl)Cl)Cl)Cl,H2O,anion,7.0,0.26
[O-]C(C(C1=C2NC(C(O)=O)=C1)[O])C3=C2C(C(O)=O)=CC(C(O)=O)=C3,H2O,anion,7.0,-0.114
[O]C1=CC=CC2=C1C(C3=C(NCCNCCO)C=CC4=C3C2=NN4CCNCCO)[O-],H2O,anion,7.0,-0.538
COC1=CC(C=C/C1=N\C2=C3C=CC=CC3=NC4=CC=CC=C42)[O-],H2O,anion,7.0,0.085
CN(C1=CC([O-])C=CC1=NC3=C2C=CC=CC2=NC4=CC=CC=C34)C,H2O,anion,7.0,-0.01
C1=CC(=C(C=C1O)O)O,H2O,neutral,13.5,-0.11
C1=CC(=C(C(=C1)O)O)O,H2O,neutral,13.5,-0.009
C1=C(C=C(C(=C1O)O)O)C(=O)O,H2O,neutral,7.0,0.45
C1=C(C=C(C(=C1O)O)O)C(=O)O,H2O,neutral,3.5,0.78
C1=C(C=C(C(=C1O)O)O)C(=O)O,H2O,neutral,0.0,0.98
COC(=O)C1=CC(=C(C(=C1)O)O)O,H2O,neutral,7.0,0.56
COC(=O)C1=CC(=C(C(=C1)O)O)O,H2O,neutral,3.5,0.91
COC(=O)C1=CC(=C(C(=C1)O)O)O,H2O,neutral,0.0,1.12
COC(=O)C1=CC(=C(C(=C1)O)O)O,H2O,neutral,3.5,0.098
COC(=O)C1=CC(=C(C(=C1)O)O)O,H2O,neutral,0.0,0.098
CCOC(=O)C1=CC(=C(C(=C1)O)O)O,H2O,neutral,7.0,-0.054
C1=C(C=C(C(=C1O)O)O)CCN,H2O,neutral,7.0,0.042
C1[C@@H]([C@@H](OC2=CC(=CC(=C21)O)O)C3=CC(=C(C(=C3)O)O)O)O,H2O,neutral,7.0,0.42
C1[C@@H]([C@@H](OC2=CC(=CC(=C21)O)O)C3=CC(=C(C(=C3)O)O)O)O,H2O,neutral,3.5,0.73
C1[C@@H]([C@@H](OC2=CC(=CC(=C21)O)O)C3=CC(=C(C(=C3)O)O)O)O,H2O,neutral,0.0,0.93
C1[C@@H]([C@@H](OC2=CC(=CC(=C21)O)O)C3=CC(=C(C(=C3)O)O)O)OC(=O)C4=CC(=C(C(=C4)O)O)O,H2O,neutral,7.0,0.43
C1[C@H](C(OC2=CC(=CC(=C21)O)O)C3=CC(=C(C=C3)O)O)O,H2O,neutral,13.5,0.42
C1[C@H](C(OC2=CC(=CC(=C21)O)O)C3=CC(=C(C=C3)O)O)O,H2O,neutral,7.0,0.048
C1[C@H]([C@@H](OC2=CC(=CC(=C21)O)O)C3=CC(=C(C=C3)O)O)O,H2O,neutral,7.0,0.57
C1[C@H]([C@@H](OC2=CC(=CC(=C21)O)O)C3=CC(=C(C=C3)O)O)O,H2O,neutral,3.5,0.91
C1[C@H]([C@@H](OC2=CC(=CC(=C21)O)O)C3=CC(=C(C=C3)O)O)O,H2O,neutral,0.0,1.12
C1[C@H]([C@@H](OC2=CC(=CC(=C21)O)O)C3=CC(=C(C=C3)O)O)O,H2O,neutral,13.5,0.079
C1=CC(=C(C=C1C2C(C(=O)C3=C(C=C(C=C3O2)O)O)O)O)O,H2O,neutral,13.5,0.33
C1=CC(=C(C=C1C2C(C(=O)C3=C(C=C(C=C3O2)O)O)O)O)O,H2O,neutral,7.0,-0.037
OC1C(O)=CNC(O)N1,H2O,neutral,13.5,0.132
C1=C2C3=C(C(=C1O)O)OC(=O)C4=CC(=C(C(=C43)OC2=O)O)O,H2O,neutral,13.5,0.187
C1=CC(=CC=C1[CH2])OC2=CC=CC=C2,CH3CN,radical,7.0,0.69
C2(=CC=C(C=C2)C)[CH2],CH3CN,radical,7.0,0.75
C1=C(C=CC=C1[CH2])C,CH3CN,radical,7.0,0.91
C1=CC(=CC=C1[CH2])Cl,CH3CN,radical,7.0,0.97
C1(=CC=C(C=C1)[CH2])COC,CH3CN,radical,7.0,1.04
C1(=CC=C(C=C1)[CH2])CN,CH3CN,radical,7.0,1.14
C1=C(C=CC=C1[CH2])CN,CH3CN,radical,7.0,1.32
C1=CC=C(C=C1CN)[CH2],CH3CN,radical,7.0,1.35
C1(=CC=C(C=C1)[CH2-])OC,CH3CN,anion,7.0,-1.51
C1(=CC=C(C=C1)[CH2-])C,CH3CN,anion,7.0,-1.38
CC1=CC(=CC=C1)[CH2-],CH3CN,anion,7.0,-1.26
[CH2-]C1=CC=C(C=C1)F,CH3CN,anion,7.0,-1.26
[CH2-]C1=CC=C(C=C1)Cl,CH3CN,anion,7.0,-1.16
C1=C(C=CC(=C1)[CH2-])COC,CH3CN,anion,7.0,-0.47
C1=C(C=CC(=C1)[CH2-])CN,CH3CN,anion,7.0,-0.53
C1(=CC=CC(=C1)[CH2-])CN,CH3CN,anion,7.0,-0.87
[CH2-]C1=CC(=CC=C1)C(F)(F)F,CH3CN,anion,7.0,-0.96
C[C](C)O,CH3CN,radical,7.0,-0.37
C1=CC=C(C=C1)[C](C2=CC=CC=C2)O,CH3CN,radical,7.0,-0.01
[C](O)(C1=CC=CC=C1)C,CH3CN,radical,7.0,0.0
[C](O)(C1=CC=C(C=C1)C)C,CH3CN,radical,7.0,-0.22
C1=CC=CC=C1[CH1]O,CH3CN,radical,7.0,-0.06
C1=CC=CC=C1[C](O)C(F)(F)F,CH3CN,radical,7.0,0.55
C12=CC=CC=C1C3C([C]2O)C=CC=C3,CH3CN,radical,7.0,0.62
C1(=CC=CC=C1)[C](C)OC,CH3CN,radical,7.0,0.15
C1=CC=[C-]C=C1,CH3CN,anion,7.0,-0.29
[CH2]C1=CC=CC=C1,CH3CN,radical,7.0,0.97
C[C](C)C1=CC=CC=C1,CH3CN,radical,7.0,0.4
[CH2-]C1=CC=CC=C1,CH3CN,anion,7.0,-1.21
C[C-](C)C1=CC=CC=C1,CH3CN,anion,7.0,-1.49
C1=CC=C(C=C1)[CH]C2=CC=CC=C2,CH3CN,radical,7.0,0.59
C1=CC=C(C=C1)[CH-]C2=CC=CC=C2,CH3CN,anion,7.0,-0.9
CN(C)[CH2],CH3CN,radical,7.0,-0.79
CN(C)[CH2-],CH3CN,anion,7.0,-1.76
CCN(CC)[CH]C,CH3CN,radical,7.0,-0.88
C[CH]C1=CC=CC=C1,CH3CN,radical,7.0,0.61
C[CH-]C1=CC=CC=C1,CH3CN,anion,7.0,-1.34
C[C](C1=CC=CC=C1)C2=CC=CC=C2,CH3CN,radical,7.0,0.47
C[C-](C1=CC=CC=C1)C2=CC=CC=C2,CH3CN,anion,7.0,-1.1
C[C](C)C,CH3CN,radical,7.0,0.35
C[C-](C)C,CH3CN,anion,7.0,-1.76
CO[CH2],CH3CN,radical,7.0,0.0
CO[CH2-],CH3CN,anion,7.0,-1.06
C1=CC=CC2=C1[CH]C3C2C=CC=C3,CH3CN,radical,7.0,1.0
C1=CC=CC2=C1[CH-]C3C2C=CC=C3,CH3CN,anion,7.0,-0.52
CCO[CH]C,CH3CN,radical,7.0,-0.21
C1C[CH]OC1,CH3CN,radical,7.0,-0.11
C1CO[CH]CO1,CH3CN,radical,7.0,0.16
C1CO[CH]O1,CH3CN,radical,7.0,0.55
C1[CH]OCO1,CH3CN,radical,7.0,-0.1
C1OCO[CH]O1,CH3CN,radical,7.0,0.44
CN([CH2])C1=CC=CC=C1,CH3CN,radical,7.0,-0.61
CN([CH2-])C1=CC=CC=C1,CH3CN,anion,7.0,-1.79
COC1=CC=C(C=C1)[CH2],CH3CN,radical,7.0,0.5
C1=CC(=O)C=CC1=O,H2O,neutral,7.0,0.078
CC1=CC(=O)C=CC1=O,H2O,neutral,7.0,0.023
CC1=C(C(=O)C=CC1=O)C,H2O,neutral,7.0,-0.074
CC1=CC(=O)C(=CC1=O)C,H2O,neutral,7.0,-0.067
CC1=CC(=O)C=C(C1=O)C,H2O,neutral,7.0,-0.08
CC1=CC(=O)C(=C(C1=O)C)C,H2O,neutral,7.0,-0.165
CC1=C(C(=O)C(=C(C1=O)C)C)C,H2O,neutral,7.0,-0.26
C1CN1C2=C(C(=O)C(=C(C2=O)NCCO)N3CC3)NCCO,H2O,neutral,7.0,-0.383
CCOC(=O)NC1=C(C(=O)C(=C(C1=O)N2CC2)NC(=O)OCC)N3CC3,H2O,neutral,7.0,-0.168
C1=CC=C2C(=C1)C=CC(=O)C2=O,H2O,neutral,7.0,-0.089
C1=CC=C2C(=O)C=CC(=O)C2=C1,H2O,neutral,7.0,-0.14
C1=CC2=C(C(=O)C=CC2=O)C(=C1)O,H2O,neutral,7.0,-0.093
C1=CC(=C2C(=O)C=CC(=O)C2=C1O)O,H2O,neutral,7.0,-0.11
C1=CC=C2C(=C1)C(=O)C=C(C2=O)S(=O)(=O)O,H2O,neutral,7.0,-0.06
CC1=CC(=O)C2=CC=CC=C2C1=O,H2O,neutral,7.0,-0.203
C1=CC=C2C(=C1)C(=O)C=C(C2=O)CO,H2O,neutral,7.0,-0.152
COCC1=CC(=O)C2=CC=CC=C2C1=O,H2O,neutral,7.0,-0.129
CC(=O)OCC1=CC(=O)C2=CC=CC=C2C1=O,H2O,neutral,7.0,-0.1
C1=CC=C2C(=C1)C(=O)C=C(C2=O)COC(=O)NCCCl,H2O,neutral,7.0,-0.122
C1=CC2=C(C=C1CBr)C(=O)C=CC2=O,H2O,neutral,7.0,-0.092
C1=CC2=C(C=C1CCl)C(=O)C=CC2=O,H2O,neutral,7.0,-0.094
CC(=O)OCC1=CC2=C(C=C1)C(=O)C=CC2=O,H2O,neutral,7.0,-0.094
CNC(=O)OCC1=CC2=C(C=C1)C(=O)C=CC2=O,H2O,neutral,7.0,-0.099
CC1=C(C(=O)C2=CC=CC=C2C1=O)C,H2O,neutral,7.0,-0.24
CC1=C(C(=O)C2=CC=CC=C2C1=O)SC[C@@H](C(=O)NCC(=O)O)NC(=O)CC[C@@H](C(=O)O)N,H2O,neutral,7.0,-0.192
CC1=C(C(=O)C2=CC=CC=C2C1=O)C/C=C(\C)/CCC[C@H](C)CCC[C@H](C)CCCC(C)C,H2O,neutral,7.0,-0.17
C1=CC=C2C(=C1)C(=O)C3=C(C2=O)C=C(C=C3)S(=O)(=O)[O-],H2O,neutral,7.0,-0.39
C1=CC=C2C(=C1)C(=O)C3=C(C2=O)C(=C(C=C3O)S(=O)(=O)[O-])O,H2O,neutral,7.0,-0.27
C1=CC2=C(C=C1S(=O)(=O)[O-])C(=O)C3=C(C=CC(=C3C2=O)O)O,H2O,neutral,7.0,-0.249
CCCNCCNC1=C2C(=C(C=C1)NCCNCCO)C(=O)C3=C(C=CC(=C3C2=O)O)O,H2O,neutral,7.0,-0.527
C1=CC=C2C(=C1)C(=O)C3=C(C=CC(=C3C2=O)NCCNCCOC(=O)O)NCCNCCOC(=O)O,H2O,neutral,7.0,-0.348
C2(C1=C(C)N(C(=C1C(C=C2)=O)C3=CC=CC=C3)C)=O,H2O,neutral,7.0,-0.44
CC1=CC(=O)C2=CN3CCCC3=C2C1=O,H2O,neutral,7.0,-0.42
CC1=CC(=O)C2=C(N(C(=C2C1=O)C)C)C3=CC=CC=C3,H2O,neutral,7.0,-0.423
C1CC2=C3C(=O)C=CC(=O)C3=C(N2C1)C4=CC=CC=C4,H2O,neutral,7.0,-0.427
C2(C1=C([N](C=C1C(C=C2)=O)C)C3=CC=CC=C3)=O,H2O,neutral,7.0,-0.419
C2(C1=C3[N](C(=C1C(C=C2)=O)C)CCC3)=O,H2O,neutral,7.0,-0.438
C2(C1=C4[N](C(=C1C(C(=C2C)C)=O)C3=CC=CC=C3)CCC4)=O,H2O,neutral,7.0,-0.435
C2(C1=C[N](C(=C1C(C(=C2C)C)=O)C)C)=O,H2O,neutral,7.0,-0.452
CCOC(=O)C1=C2C(=O)C=C(C(=O)C2=C3N1CCC3)C,H2O,neutral,7.0,-0.368
CCOC(=O)C1=C2C(=O)C=C(C(=O)C2=C(N1C)C3=CC=CC=C3)C,H2O,neutral,7.0,-0.366
C2(C1=C([N]3C(=C1C(C(=C2C)OC)=O)CCC3)C(OCC)=O)=O,H2O,neutral,7.0,-0.383
CN1CC(C2=CC(=O)C(=O)C=C21)O,H2O,neutral,7.0,-0.253
C1=CC2=C(C(=C1)N)C(=O)N=NC2=O,H2O,neutral,7.0,0.24
C1=CC=C2C(=C1)C3C=CC=CC3C(=O)C2=O,H2O,neutral,7.0,-0.124
C[C@H]1[C@H]([C@H](C[C@@H](O1)O[C@H]2C[C@@](CC3=C2C(=C4C(=C3O)C(=O)C5=C(C4=O)C(=CC=C5)OC)O)(C(=O)CO)O)N)O,H2O,neutral,7.0,-0.292
C[C@H]1[C@H]([C@H](C[C@@H](O1)O[C@H]2C[C@@](CC3=C2C(=C4C(=C3O)C(=O)C5=C(C4=O)C(=CC=C5)OC)O)(C(=O)C)O)N)O,H2O,neutral,7.0,-0.305
C1=CC2=C(C=C1S(=O)(=O)[O-])C(=C(N2)C3=NC4=C(C3=O)C=C(C=C4)S(=O)(=O)[O-])O,H2O,neutral,7.0,-0.247
CC1=C(C(=O)C2=C(C1=O)N3C[C@H]4[C@@H]([C@@]3([C@@H]2COC(=O)N)OC)N4)N,H2O,neutral,7.0,-0.271
C1(C=C(C(C(=C1)C)=O)Br)=C2C=C(C(C(=C2)Br)=O)Br,H2O,neutral,7.0,0.26
C1=C(C(=O)C(=CC1=C2C=C(C(=O)C(=C2)Cl)Cl)Cl)Cl,H2O,neutral,7.0,0.26
C1=C(C2=C(C(=O)C(=O)C3=C2NC(=C3)C(=O)O)N=C1C(=O)O)C(=O)O,H2O,neutral,7.0,-0.114
C1=CC=C(C4=C1C2=NN(C3=CC=C(C(C23)C4=O)NCCNCCO)CCNCCO)O,H2O,neutral,7.0,-0.538
COC1=CC(=O)C=CC1NC2=C3C=CC=CC3=NC4=CC=CC=C42,H2O,neutral,7.0,0.085
C1=CC=CC2=C1C(=C3C(=N2)C=CC=C3)N(C4C=CC(C=C4N(C)C)=O)[H],H2O,neutral,7.0,-0.01
C1=CC=C(C(=C1)[N+](=O)[O-])[N+](=O)[O-],H2O,neutral,7.0,-0.287
C1=CC(=CC(=C1)[N+](=O)[O-])[N+](=O)[O-],H2O,neutral,7.0,-0.345
C1=CC(=CC=C1[N+](=O)[O-])[N+](=O)[O-],H2O,neutral,7.0,-0.257
C1=CC(=C(C=C1[N+](=O)[O-])[N+](=O)[O-])C(=O)O,H2O,neutral,7.0,-0.345
C1=CC(=C(C=C1[N+](=O)[O-])C(=O)O)[N+](=O)[O-],H2O,neutral,7.0,-0.272
C1=CC(=C(C=C1C(=O)O)[N+](=O)[O-])[N+](=O)[O-],H2O,neutral,7.0,-0.271
C1=C(C=C(C=C1[N+](=O)[O-])[N+](=O)[O-])C(=O)O,H2O,neutral,7.0,-0.344
C1=CC(=C(C=C1[N+](=O)[O-])[N+](=O)[O-])O,H2O,neutral,7.0,-0.5
CC(=O)C1=CC(=CC=C1)[N+](=O)[O-],H2O,neutral,7.0,-0.437
CC(=O)C1=CC=C(C=C1)[N+](=O)[O-],H2O,neutral,7.0,-0.358
C1=CC=C(C=C1)[N+](=O)[O-],H2O,neutral,7.0,-0.486
C1=CC=C(C(=C1)C=O)[N+](=O)[O-],H2O,neutral,7.0,-0.355
C1=CC(=CC=C1C=O)[N+](=O)[O-],H2O,neutral,7.0,-0.322
C1=CC=C(C(=C1)C(=O)O)[N+](=O)[O-],H2O,neutral,7.0,-0.412
C1=CC(=CC(=C1)[N+](=O)[O-])C(=O)O,H2O,neutral,7.0,-0.433
C1=CC(=CC=C1C(=O)O)[N+](=O)[O-],H2O,neutral,7.0,-0.396
C1=CC=C(C(=C1)C#N)[N+](=O)[O-],H2O,neutral,7.0,-0.308
C1=CC(=CC=C1CO)[N+](=O)[O-],H2O,neutral,7.0,-0.477
C1=CC(=CC=C1C(CCN(C)C)=O)[N+](=O)[O-],H2O,neutral,7.0,-0.315
C1CN1C2=C(C=C(C(=C2)C(=O)N)[N+](=O)[O-])[N+](=O)[O-],H2O,neutral,7.0,-0.385
CNC(=O)C1=CC(=C(C=C1[N+](=O)[O-])[N+](=O)[O-])N2CC2,H2O,neutral,7.0,-0.387
CN(C)C(=O)C1=CC(=C(C=C1[N+](=O)[O-])[N+](=O)[O-])N2CC2,H2O,neutral,7.0,-0.377
C1(=C(C=C(C(=C1)[N+](=O)[O-])N2CC2)C(=O)NCC(OC)OC)[N+](=O)[O-],H2O,neutral,7.0,-0.384
C1=C(C(=CC(=C1N)[N+](=O)[O-])[N+](=O)[O-])C(=O)N,H2O,neutral,7.0,-0.46
C1(=C(C=C(C(=C1)[N+](=O)[O-])N(C)C)C(=O)N([H])[H])[N+](=O)[O-],H2O,neutral,7.0,-0.464
C1CN1C2=C(C=C(C(=C2)C(=O)N)N)[N+](=O)[O-],H2O,neutral,7.0,-0.515
C1=C(OC(=C1)[N+](=O)[O-])C(=O)O,H2O,neutral,7.0,-0.317
C1=C(OC(=C1)[N+](=O)[O-])/C=N\O,H2O,neutral,7.0,-0.253
COCC1=CC=C(O1)[N+](=O)[O-],H2O,neutral,7.0,-0.338
C1=C(OC(=C1)[N+](=O)[O-])/C=N/NC(=O)N,H2O,neutral,7.0,-0.257
C1C(=O)NC(=O)N1/N=C/C2=CC=C(O2)[N+](=O)[O-],H2O,neutral,7.0,-0.264
CN1CCN(CC1)CC(=O)N/N=C/C2=CC=C(O2)[N+](=O)[O-],H2O,neutral,7.0,-0.214
C1=CC=C2C(=C1)C=CC(=N2)C=CC3=CC=C(O3)[N+](=O)[O-],H2O,neutral,7.0,-0.276
C1=CC=C2C(=C1)C=CC(=N2)C=CC=CC3=CC=C(O3)[N+](=O)[O-],H2O,neutral,7.0,-0.265
CCCCNC(=O)C1=CC=C(O1)[N+](=O)[O-],H2O,neutral,7.0,-0.23
C1=CN=C(N1)[N+](=O)[O-],H2O,neutral,7.0,-0.418
C1=C(NC=C1[N+](=O)[O-])[N+](=O)[O-],H2O,neutral,7.0,-0.445
C1=C(NC(=N1)[N+](=O)[O-])CN,H2O,neutral,7.0,-0.267
C1=C(NC(=N1)[N+](=O)[O-])C=O,H2O,neutral,7.0,-0.243
CN1C(=CN=C1[N+](=O)[O-])C(=O)[O-],H2O,neutral,7.0,-0.385
CN1C(=CN=C1[N+](=O)[O-])C(=O)N,H2O,neutral,7.0,-0.321
CN1C(=CN=C1[N+](=O)[O-])CO,H2O,neutral,7.0,-0.4
CN1C(=CN=C1[N+](=O)[O-])C=C,H2O,neutral,7.0,-0.392
CN1C(=CN=C1[N+](=O)[O-])C(=O)OC,H2O,neutral,7.0,-0.3
CN1C(=CN=C1[N+](=O)[O-])C=[N+](C)[O-],H2O,neutral,7.0,-0.282
CN1C(=CN=C1[N+](=O)[O-])C(CO)O,H2O,neutral,7.0,-0.396
CC(C)C1=CN=C(N1C)[N+](=O)[O-],H2O,neutral,7.0,-0.439
CC(C)(C1=CN=C(N1C)[N+](=O)[O-])O,H2O,neutral,7.0,-0.412
CN1C(=CN=C1[N+](=O)[O-])C=NN(C)C,H2O,neutral,7.0,-0.386
C1(=CN=C([N]1C)[N+](=O)[O-])C=C(C#N)C#N,H2O,neutral,7.0,-0.24
C1(=CN=C([N]1C)[N+](=O)[O-])C(OC(C)=O)OC(C)=O,H2O,neutral,7.0,0.35
CN1C(=CN=C1[N+](=O)[O-])C=NN2CCOCC2,H2O,neutral,7.0,-0.366
C1(=CN=C([N]1C)[N+](=O)[O-])C(=NN2CCNCC2)[H],H2O,neutral,7.0,-0.354
C1(=CN=C([N]1C)[N+](=O)[O-])C(=NN2CCCCC2)[H],H2O,neutral,7.0,-0.376
C1=CN(C(=N1)[N+](=O)[O-])CC(=O)O,H2O,neutral,7.0,-0.447
C1=CN(C(=N1)[N+](=O)[O-])CCO,H2O,neutral,7.0,-0.398
C1=C(N=C(N1CCO)[N+](=O)[O-])[N+](=O)[O-],H2O,neutral,7.0,-0.238
CC1=CN=C(N1CCO)[N+](=O)[O-],H2O,neutral,7.0,-0.423
CC(=O)CN1C=CN=C1[N+](=O)[O-],H2O,neutral,7.0,-0.358
COC(=O)CN1C=CN=C1[N+](=O)[O-],H2O,neutral,7.0,0.355
C1=CN(C(=N1)[N+](=O)[O-])CC(CCl)O,H2O,neutral,7.0,-0.384
C1=CN(C(=N1)[N+](=O)[O-])CC(CF)O,H2O,neutral,7.0,-0.383
COCCN1C=CN=C1[N+](=O)[O-],H2O,neutral,7.0,-0.393
C1=CN(C(=N1)[N+](=O)[O-])CC(CO)O,H2O,neutral,7.0,-0.389
CS(=O)(=O)CCN1C=CN=C1[N+](=O)[O-],H2O,neutral,7.0,-0.368
C1=CN=C([N]1CCOC(C)=O)[N+](=O)[O-],H2O,neutral,7.0,-0.42
CCCNC(=O)CN1C=CN=C1[N+](=O)[O-],H2O,neutral,7.0,-0.388
CCOC(=O)CN1C=CN=C1[N+](=O)[O-],H2O,neutral,7.0,-0.388
CCOCCN1C=CN=C1[N+](=O)[O-],H2O,neutral,7.0,-0.4
CCCC(CN1C=CN=C1[N+](=O)[O-])O,H2O,neutral,7.0,-0.389
CCS(=O)(=O)CCN1C=CN=C1[N+](=O)[O-],H2O,neutral,7.0,-0.368
C1=CN(C(=N1)[N+](=O)[O-])CC(=O)NCC(CO)O,H2O,neutral,7.0,-0.392
C=CCOCC(CN1C=CN=C1[N+](=O)[O-])O,H2O,neutral,7.0,-0.391
C1=CN(C(=N1)[N+](=O)[O-])CC(=O)N(CCO)CCO,H2O,neutral,7.0,-0.398
C1=CC=C(C=C1)OCCN2C=CN=C2[N+](=O)[O-],H2O,neutral,7.0,-0.391
C1=CC=C(C=C1)S(=O)(=O)CCN2C=CN=C2[N+](=O)[O-],H2O,neutral,7.0,-0.367
C1=CC=C(C=C1)CNC(=O)CN2C=CN=C2[N+](=O)[O-],H2O,neutral,7.0,-0.38
C1=CC=C(C=C1)OCCCN2C=CN=C2[N+](=O)[O-],H2O,neutral,7.0,-0.409
C1=CN=C([N]1CC(COC(CCl)COC(C)C)O)[N+](=O)[O-],H2O,neutral,7.0,-0.395
C1COCCN1CCN2C=NC=C2[N+](=O)[O-],H2O,neutral,7.0,-0.39
C1=CN=C([N]1CC[N+]2(CCOCC2)C)[N+](=O)O[H],H2O,neutral,7.0,-0.318
C1=CN=C([N]1CCCN2CCOCC2)[N+](=O)[O-],H2O,neutral,7.0,-0.386
C1COCCN1CCCCN2C=CN=C2[N+](=O)[O-],H2O,neutral,7.0,-0.396
C1=CN=C([N]1CCCC[N+]2(CCOCC2)C)[N+](=O)O[H],H2O,neutral,7.0,-0.379
C1COCCN1CCCCCN2C=CN=C2[N+](=O)[O-],H2O,neutral,7.0,-0.399
C1COCCN1CCCCCCN2C=CN=C2[N+](=O)[O-],H2O,neutral,7.0,-0.379
C1COCCN1CCCCCCCCN2C=CN=C2[N+](=O)[O-],H2O,neutral,7.0,-0.388
C1COCCN1CCCCCCCCCCCN2C=CN=C2[N+](=O)[O-],H2O,neutral,7.0,-0.403
C1=CN=C([N+](=O)[O-])[N]1CCN2CCCC2,H2O,neutral,7.0,-0.334
C1CCN(C1)CCCCN2C=CN=C2[N+](=O)[O-],H2O,neutral,7.0,-0.389
C1CCN(CC1)CCN2C=CN=C2[N+](=O)[O-],H2O,neutral,7.0,-0.325
C1=CN=C([N]1CCCN2CCCCC2)[N+](=O)[O-],H2O,neutral,7.0,-0.353
C1CCN(CC1)CCCCN2C=CN=C2[N+](=O)[O-],H2O,neutral,7.0,-0.386
O=[N](=O)C1=NC=C[N]1CCNC2CCNCC2,H2O,neutral,7.0,-0.399
O=[N](=O)C1=NC=C[N]1CCNC2=NC=CC=C2,H2O,neutral,7.0,-0.395
O=[N](=O)C1=NC=C[N]1CCNC2=CC=CC=C2,H2O,neutral,7.0,-0.398
CC(C)N(CC[N]1C=CN=C1([N+]([O-])=O)C(C)C,H2O,neutral,7.0,-0.272
O=[N](=O)C1=NC=C[N]1CC(O)CN2CC2,H2O,neutral,7.0,-0.398
CN(C)CC(CN1C=CN=C1[N+](=O)[O-])O,H2O,neutral,7.0,-0.351
C1=CN(C(=N1)[N+](=O)[O-])CC(CN(CCO)CCO)O,H2O,neutral,7.0,-0.369
CC(C)(C)CN(CC(O)C[N]1C=CN=C1([N+]([O-])=O)C(C)(C)C,H2O,neutral,7.0,-0.348
C1=CC=C(C=C1)CNCC(CN2C=CN=C2[N+](=O)[O-])O,H2O,neutral,7.0,-0.353
COC1=CC=C(C=C1)NCC(CN2C=CN=C2[N+](=O)[O-])O,H2O,neutral,7.0,-0.391
COC1=CC=C(C=C1)CNCC(O)C[N]2C=CN=C2[N](=O)=O,H2O,neutral,7.0,-0.35
CC1(CC(CC(N1O)(C)C)NCC(CN2C=CN=C2[N+](=O)[O-])O)C,H2O,neutral,7.0,-0.355
CC1(CC(CC(N1)(C)C)NCC(CN2C=CN=C2[N+](=O)[O-])O)C,H2O,neutral,7.0,-0.361
C1CCN(CC1)CC(CN2C=CN=C2[N+](=O)[O-])O,H2O,neutral,7.0,-0.346
C1CC(CN(C1)CC(CN2C=CN=C2[N+](=O)[O-])O)O,H2O,neutral,7.0,-0.357
C1COCCN1CC(CN2C=CN=C2[N+](=O)[O-])O,H2O,neutral,7.0,-0.38
CN1CCN(CC1)CC(CN2C=CN=C2[N+](=O)[O-])O,H2O,neutral,7.0,-0.37
C1=NC(=C(N1)[N+](=O)[O-])I,H2O,neutral,7.0,-0.503
CC1=NC(=CN1C)[N+](=O)[O-],H2O,neutral,7.0,-0.542
CN1C=NC(=C1Br)[N+](=O)[O-],H2O,neutral,7.0,-0.523
CN1C=NC(=C1I)[N+](=O)[O-],H2O,neutral,7.0,-0.529
CN1C=NC(=C1S)[N+](=O)[O-],H2O,neutral,7.0,-0.538
CN1C=NC(=C1S(=O)(=O)N)[N+](=O)[O-],H2O,neutral,7.0,-0.395
CN1C=NC(=C1S(=O)(=O)C)[N+](=O)[O-],H2O,neutral,7.0,-0.355
CN1C=NC(=C1SCC(=O)O)[N+](=O)[O-],H2O,neutral,7.0,-0.545
CN1C=NC(=C1S(=O)(=O)N(C)C)[N+](=O)[O-],H2O,neutral,7.0,-0.409
CC(=O)NS(=O)(=O)C1=C(N=CN1C)[N+](=O)[O-],H2O,neutral,7.0,-0.523
CN(C)CN[S](=O)(=O)C1=C([N+]([O-])=O)N=C[N]1C,H2O,neutral,7.0,-0.402
CN1C=NC(=C1S(=O)(=O)N2CCOCC2)[N+](=O)[O-],H2O,neutral,7.0,-0.406
CN1C=NC(=C1S(=O)(=O)NCN2CCOCC2)[N+](=O)[O-],H2O,neutral,7.0,-0.394
CN1C=NC(=C1OC2=CC=CC=C2)[N+](=O)[O-],H2O,neutral,7.0,-0.56
CN1C=NC(=C1OC2=CC=C(C=C2)O)[N+](=O)[O-],H2O,neutral,7.0,-0.565
CN1C=NC(=C1S(=O)(=O)C2=CC=CC=C2)[N+],H2O,neutral,7.0,-0.376
CN1C=NC(=C1S(=O)(=O)OC2=CC=CC=C2)[N+](=O)[O-],H2O,neutral,7.0,-0.342
CN1C=NC(=C1S(=O)(=O)OC2=CC=C(C=C2)Cl)[N+](=O)[O-],H2O,neutral,7.0,-0.345
CN1C=NC(=C1S(=O)(=O)OC2=CC=C(C=C2)[N+](=O)[O-])[N+](=O)[O-],H2O,neutral,7.0,-0.302
CN1C=NC(=C1S(=O)(=O)NC2=CC=CC=C2)[N+](=O)[O-],H2O,neutral,7.0,-0.398
CN1C=NC(=C1S(=O)(=O)NC2=CC=CC=C2Cl)[N+](=O)[O-],H2O,neutral,7.0,-0.444
CC1=CC=CC=C1NS(=O)(=O)C2=C(N=CN2C)[N+](=O)[O-],H2O,neutral,7.0,-0.426
CN1C=NC(=C1S(=O)(=O)OC2=CC=CC=C2OC)[N+](=O)[O-],H2O,neutral,7.0,-0.365
CN1C=NC(=C1S(=O)(=O)OC2=CC=C(C=C2)OC)[N+](=O)[O-],H2O,neutral,7.0,-0.335
CN1C=NC(=C1S(=O)(=O)NC2=CC=CC=C2OC)[N+](=O)[O-],H2O,neutral,7.0,-0.408
CC1=CN(C(=N1)[N+](=O)[O-])SC2=NC(=NC3=C2NC=N3)N,H2O,neutral,7.0,-0.49
CC(C)CN1C=NC2=C1N=C(N=C2SC3=C(N=CN3C)[N+](=O)[O-])N,H2O,neutral,7.0,-0.503
CN1C=NC(=C1S(=O)(=O)OC2=CC=CC3=CC=CC=C32)[N+](=O)[O-],H2O,neutral,7.0,-0.34
CN1C=NC(=C1S(=O)(=O)NC2=CC=CC3=CC=CC=C32)[N+](=O)[O-]  ,H2O,neutral,7.0,-0.453
CN1C=C(N=C1Br)[N+](=O)[O-],H2O,neutral,7.0,-0.515
CN1C=C(N=C1I)[N+](=O)[O-],H2O,neutral,7.0,-0.521
CN1C=C(N=C1[N+](=O)[O-])[N+](=O)[O-],H2O,neutral,7.0,-0.243
CN1C=C(N=C1S(=O)(=O)C)[N+](=O)[O-],H2O,neutral,7.0,-0.446
C1=NC(=C(N1CC(CO)O)I)[N+](=O)[O-],H2O,neutral,7.0,-0.512
CCOC(=O)CN1C=NC(=C1I)[N+](=O)[O-],H2O,neutral,7.0,-0.436
COCC(CN1C=NC(=C1I)[N+](=O)[O-])O,H2O,neutral,7.0,-0.497
CC1=NC(=CN1CC(COC)O)[N+](=O)[O-],H2O,neutral,7.0,-0.564
C1COCCN1CCN2C=C(N=C2)[N+](=O)[O-],H2O,neutral,7.0,-0.554
C1=CC(=C[N+](=C1)[O-])CNC(=O)CN2C=NC(=C2I)[N+](=O)[O-],H2O,neutral,7.0,-0.465
CN1C=NC([N]([O-])=O)C1=O,H2O,neutral,7.0,-0.439
C1CS(=O)(=O)C2=C(N=CN21)[N+](=O)[O-],H2O,neutral,7.0,-0.335
CN1C=NC(=C1SC2=CC=CC=C2)[N+](=O)[O-],H2O,neutral,7.0,-0.501
CN1C=NC(=C1[N+](=O)[O-])Br,H2O,neutral,7.0,-0.46
CN1C=NC(=C1[N+](=O)[O-])I,H2O,neutral,7.0,-0.461
CN1C=NC(=C1[N+](=O)[O-])S(=O)(=O)N2CCOCC2,H2O,neutral,7.0,-0.334
CN1C=NC(=C1[N+](=O)[O-])S(=O)(=O)N,H2O,neutral,7.0,-0.336
CN1C=NC(=C1[N+](=O)[O-])S(=O)(=O)C2=CC=CC=C2,H2O,neutral,7.0,-0.324
CN1C=NC(=C1[N+](=O)[O-])S(=O)(=O)OC2=CC=CC=C2,H2O,neutral,7.0,-0.259
CN1C(=CN=C1I)[N+](=O)[O-],H2O,neutral,7.0,-0.454
CN1C(=CN=C1[N+](=O)[O-])[N+](=O)[O-],H2O,neutral,7.0,-0.178
CN1C(=CN=C1C=O)[N+](=O)[O-],H2O,neutral,7.0,-0.36
CC1=NC=C(N1C)[N+](=O)[O-],H2O,neutral,7.0,-0.475
COSC1=NC=C([N+]([O-])=O)[N]1C,H2O,neutral,7.0,-0.361
CN1C(=CN=C1S(=O)(=O)C)[N+](=O)[O-],H2O,neutral,7.0,-0.351
CN1C(=CN=C1SCCOC2=CC=C(C=C2)C(=O)O)[N+](=O)[O-],H2O,neutral,7.0,-0.481
CC1=NC=C([N+](=O)[O-])[N]1CCO[P-](=O)(=O)[O-],H2O,neutral,7.0,-0.509
CC1=NC=C(N1CCO)[N+](=O)[O-],H2O,neutral,7.0,-0.486
CC1=NC=C(N1CC(CCl)O)[N+](=O)[O-],H2O,neutral,7.0,-0.467
CCOC(=O)CN1C=NC(=C1[N+](=O)[O-])I,H2O,neutral,7.0,-0.475
COCC(CN1C=NC(=C1[N+](=O)[O-])I)O,H2O,neutral,7.0,-0.441
CC1=NC=C(N1CCNC(=O)S)[N+](=O)[O-],H2O,neutral,7.0,-0.498
CC1=NC=C(N1CC(COC)O)[N+](=O)[O-]  ,H2O,neutral,7.0,-0.479
CCS(=O)(=O)CCN1C(=NC=C1[N+](=O)[O-])C,H2O,neutral,7.0,-0.464
CC1=NC=C(N1CCN2CCOCC2)[N+](=O)[O-],H2O,neutral,7.0,-0.457
C1CSC2=NC=C(N21)[N+](=O)[O-],H2O,neutral,7.0,-0.467
C1CS(=O)(=O)C2=NC=C(N21)[N+](=O)[O-],H2O,neutral,7.0,-0.342
CN1C=C(C2=C1N=CC=C2)[N+](=O)[O-],H2O,neutral,7.0,-0.566
C1=CC2=C(N=C1)N(C=C2[N+](=O)[O-])CCBr,H2O,neutral,7.0,-0.605
C1=CC2=C(N=C1)N(C=C2[N+](=O)[O-])CC(CO)O,H2O,neutral,7.0,-0.607
C1=CC2=C(N=C1)N(C=C2[N+](=O)[O-])CC(=O)NCCO,H2O,neutral,7.0,-0.546
C1COCCN1CCCNC(=O)CN2C=C(C3=C2N=CC=C3)[N+](=O)[O-],H2O,neutral,7.0,-0.532
CCOC(=O)C[N]1C=CC=C2C(=CN=C12)[N+](=O)[O-],H2O,neutral,7.0,-0.616
O=C(C[N]1C=CC=C2C(=CN=C12)[N](=O)=O)NCCCN3CCOCC3,H2O,neutral,7.0,-0.632
CCOC(=O)C[N+]2=C1[N](C=C(C1=CC=C2)[N+](=O)[O-])[H],H2O,neutral,7.0,-0.626
CCN(CC)CC(CNC1=C2C=CC(=CC2=NC3=CC(=C(C=C31)OC)OC)[N+](=O)[O-])O,H2O,neutral,7.0,-0.26
CN(C)CCCNC1=C2C(=NC3=CC=CC=C31)C=CC=C2[N+](=O)[O-],H2O,neutral,7.0,-0.275
CN(C)CCCNC1=C2C(=CC=C(C2=NC3=CC=CC=C31)Cl)[N+](=O)[O-],H2O,neutral,7.0,-0.325
CN(C)CCCNC1=C2C(=CC=C(C2=NC3=CC=CC=C31)F)[N+](=O)[O-],H2O,neutral,7.0,-0.354
CC1=CC=C(C2=C(C3=CC=CC=C3N=C12)NCCCN(C)C)[N+](=O)[O-],H2O,neutral,7.0,-0.321
CN(C)CCCNC1=C2C(=CC=C(C2=NC3=CC=CC=C31)OC)[N+](=O)[O-],H2O,neutral,7.0,-0.361
CN(C)CCCNC1=C2C(=CC=C(C2=NC3=CC=CC=C31)C(=O)OC)[N+](=O)[O-] ,H2O,neutral,7.0,-0.244
CN(C)CCCNC1=C2C(=CC=C(C2=NC3=CC=CC=C31)N(C)C)[N+](=O)[O-],H2O,neutral,7.0,-0.334
CC(=O)OCCN(CCOC(=O)C)C1=CC=C(C2=C(C3=CC=CC=C3N=C12)NCCCN(C)C)[N+](=O)[O-],H2O,neutral,7.0,-0.314
C1=CC=C2C(=C1)NC(=N2)[N+](=O)[O-],H2O,neutral,7.0,-0.3
CN1C2=C(C(=O)N(C1=O)C)NC(=N2)[N+](=O)[O-],H2O,neutral,7.0,-0.494
CN1C2=C(N=C1[N+](=O)[O-])N(C(=O)N(C2=O)C)C,H2O,neutral,7.0,-0.205
C1=CC=C2C(=C1)C=C(O2)[N+](=O)[O-],H2O,neutral,7.0,-0.292
C1=CC2=C(C(=C1)O)OC(=C2)[N+](=O)[O-],H2O,neutral,7.0,-0.288
COC1=CC=CC2=C1OC(=C2)[N+](=O)[O-],H2O,neutral,7.0,-0.296
C1=CC2=C(C=C1O)C=C(O2)[N+](=O)[O-],H2O,neutral,7.0,-0.285
COC1=CC2=C(C=C1)OC(=C2)[N+](=O)[O-],H2O,neutral,7.0,-0.292
C1=CN=CC=C1[N+](=O)[O-],H2O,neutral,7.0,-0.191
C1=CSC(=C1)[N+](=O)[O-],H2O,neutral,7.0,-0.395
C1=C(C(=O)NC(=O)N1)[N+](=O)[O-],H2O,neutral,7.0,-0.527
CC1(C(NC(=O)NC1=O)O)[N+](=O)[O-],H2O,neutral,7.0,-0.405
CCN1CC[N+]2=C1C=CC(=C2)[N+](=O)[O-],H2O,neutral,7.0,-0.356
O=[N+]([O-])C1=C[N+]3=C(C=C1)N(C2=CC=CC=C2)CC3,H2O,neutral,7.0,-0.335
C[N+]1=CC=CC=C1C2=CC=CC=[N+]2C,H2O,neutral,7.0,-0.776
C1=CC=[N+](C(=C1)C2=CC=CC=[N+]2CCCS(=O)(=O)[O-])CCCS(=O)(=O)[O-],H2O,neutral,7.0,-0.68
CC1=CC(=NC=C1)C2=NC=CC(=C2)C,H2O,neutral,7.0,-0.54
C1=CC=[N+]2C=C[N+]3=CC=CC=C3C2=C1,H2O,neutral,7.0,-0.27
CC1=C[N+]2=CC=CC=C2C3=CC=CC=[N+]13,H2O,neutral,7.0,-0.3
C1=CC=C(C=C1)C2=C[N+]3=CC=CC=C3C4=CC=CC=[N+]42,H2O,neutral,7.0,-0.27
C1C[N+]2=CC=CC=C2C3=CC=CC=[N+]31,H2O,neutral,7.0,-0.358
C1C[N+]2=C(C=CC=C2Br)C3=CC=CC=[N+]31,H2O,neutral,7.0,-0.01
OC2C[N+]1=C(C=CC=C1)C3=[N+]2C=CC=C3,H2O,neutral,7.0,-0.29
C1(=C[N+]3=C(C=C1)C2=[N+](C=CC=C2)CC3)C#N,H2O,neutral,7.0,0.0
C1=C[N+]3=C(C=C1)C2=[N+](C=CC=C2)CC3,H2O,neutral,7.0,-0.41
CC1C[N+]2=CC=CC=C2C3=CC=CC=[N+]13,H2O,neutral,7.0,-0.35
C1(=C[N+]3=C(C=C1)C2=[N+](C=CC=C2)CC3)OC,H2O,neutral,7.0,-0.45
C1(=C[N+]3=C(C=C1)C2=[N+](C=CC=C2)CC3)C(=O)OC,H2O,neutral,7.0,-0.14
C1=C([N+]3=C(C=C1)C2=[N+](C=CC=C2)CC3)CC,H2O,neutral,7.0,-0.42
C1(=C[N+]3=C(C=C1)C2=[N+](C=CC=C2)CC3)OCC,H2O,neutral,7.0,-0.44
CC1=C2C3=C(C=CC=[N+]3CC[N+]2=CC=C1)C,H2O,neutral,7.0,-0.58
CC1=CC2=[N+](CC[N+]3=C2C=C(C=C3)C)C=C1,H2O,neutral,7.0,-0.487
CC1=C[N+]2=C(C=C1)C3=[N+](CC2)C=C(C=C3)C,H2O,neutral,7.0,-0.479
C1=C([N+]3=C(C=C1)C2=[N+](C(=CC=C2)C)CC3)C,H2O,neutral,7.0,-0.48
C1=C[N+]3=C(C=C1)C2=[N+](C=CC=C2)C(C3C)C,H2O,neutral,7.0,-0.35
C1=C[N+]3=C(C=C1)C2=[N+](C=C(C=C2)OCCC)CC3,H2O,neutral,7.0,-0.44
C1(=C[N+]3=C(C=C1C)C2=[N+](C=C(C(=C2)C)C)CC3)C,H2O,neutral,7.0,-0.613
C1=C[N+]4=C(C=C1)C2=[N+](C(=CC=C2)C3=CC=CC=C3)CC4,H2O,neutral,7.0,-0.32
C1C([N+]2=CC=CC=C2C3=CC=CC=[N+]31)C4=CC=CC=C4,H2O,neutral,7.0,-0.29
C1C[N+]2=CC=CC=C2C3=CC=CC=[N+]3C1,H2O,neutral,7.0,-0.549
CC2=[N+]1CCC[N+]3=C(C1=CC=C2)C=CC=C3,H2O,neutral,7.0,-0.59
COC1=C[N+]3=C(C=C1)C2=[N+](C=CC=C2)CCC3,H2O,neutral,7.0,-0.63
CC1=CC2=[N+](CCC[N+]3=C2C=C(C=C3)C)C=C1,H2O,neutral,7.0,-0.691
CC1=C[N+]2=C(C=C1)C3=[N+](CCC2)C=C(C=C3)C,H2O,neutral,7.0,-0.671
CC2=C(C=[N+]1CCC[N+]3=C(C1=C2)C=C(C)C(=C3)C)C,H2O,neutral,7.0,-0.77
C1CC[N+]2=CC=CC=C2C3=CC=CC=[N+]3C1,H2O,neutral,7.0,-0.7
CC1=CC2=[N+](CCCC[N+]3=C2C=C(C=C3)C)C=C1,H2O,neutral,7.0,-0.78
CC2=C(C=[N+]1CCCC[N+]3=C(C1=C2)C=C(C)C(=C3)C)C,H2O,neutral,7.0,-0.832
C1=CC2=C(C3=C(C=CC=[NH+]3)C=C2)[NH+]=C1,H2O,neutral,7.0,-0.54
C[N+]1=CC=CC2=C1C3=C(C=CC=[N+]3C)C=C2,H2O,neutral,7.0,-0.51
C1C[N+]2=CC=CC3=C2C4=C(C=CC=[N+]41)C=C3,H2O,neutral,7.0,-0.28
C1C[N+]2=CC=CC3=C2C4=C(C=CC=[N+]4C1)C=C3,H2O,neutral,7.0,-0.27
ClC3=C2C=CC1=CC=C[N+]4=C1C2=[N+](C=C3)CCC4,H2O,neutral,7.0,-0.11
CC3=C2C=CC1=CC=C[N+]4=C1C2=[N+](C=C3)CCC4,H2O,neutral,7.0,-0.22
CC1=C2C=CC3=C(C=C[N+]4=C3C2=[N+](CCC4)C=C1)C,H2O,neutral,7.0,-0.4
C1C[N+]2=C3C(=C(C=C2)C4=CC=CC=C4)C=CC5=C(C=C[N+](=C53)C1)C6=CC=CC=C6,H2O,neutral,7.0,-0.31
C1=C[N+]4=C2C(=C1)C=CC3=C2[N+](=CC=C3)CCCC4,H2O,neutral,7.0,-0.45
C[N+]1=C(C=CC2=CC=CC=C21)C3=[N+](C4=CC=CC=C4C=C3)C,H2O,neutral,7.0,-0.25
C[N+]1=CC=C(C=C1)C2=CC=CC=[N+]2C,H2O,neutral,7.0,-0.64
C1=C[NH+]=CC=C1C2=CC=[NH+]C=C2,H2O,neutral,7.0,-0.485
C[N+]1=CC=C(C=C1)C2=CC=[N+](C=C2)C,H2O,neutral,7.0,-0.448
CO[N+]1=CC=C(C=C1)C2=CC=[N+](C=C2)OC,H2O,neutral,7.0,-0.651
C1=C[N+](=CC=C1C2=CC=[N+](C=C2)CC#N)CC#N,H2O,neutral,7.0,-0.15
C1=C[N+](=CC=C1C2=CC=[N+](C=C2)CC(=O)O)CC(=O)O,H2O,neutral,7.0,-0.444
O=[S](=O)([O-])CC[N+]1=CC=C(C=C1)C2=CC=[N+](C=C2)CC[S](=O)(=O)[O-],H2O,neutral,7.0,-0.36
C1=C[N+](=CC=C1C2=CC=[N+](C=C2)CCCl)CCCl,H2O,neutral,7.0,-0.335
O\N=C(\C[N+]1=CC=C(C=C1)C2=CC=[N+](C=C2)C\C(=N\O)[H])[H],H2O,neutral,7.0,-0.325
CC[N+]1=CC=C(C=C1)C2=CC=[N+](C=C2)CC,H2O,neutral,7.0,-0.455
C1=C[N+](=CC=C1C2=CC=[N+](C=C2)CCO)CCO,H2O,neutral,7.0,-0.403
C1=C[N+](=CC=C1C2=CC=[N+](C=C2)CCN)CCN,H2O,neutral,7.0,-0.28
C1=C(C=[N+]2C(=C1)N(CC2)C3=CC=CC=C3)[N+](=O)[O-],H2O,neutral,7.0,-0.266
CC(=O)C[N+]1=CC=C(C=C1)C2=CC=[N+](C=C2)CC(=O)C,H2O,neutral,7.0,-0.305
O=C(CC[N+]1=CC=C(C=C1)C2=CC=[N+](C=C2)CCC(=O)OO)OO,H2O,neutral,7.0,-0.431
C1=C[N+](=CC=C1C2=CC=[N+](C=C2)CCCS(=O)(=O)[O-])CCCS(=O)(=O)[O-],H2O,neutral,7.0,-0.38
CCC[N+]1=CC=C(C=C1)C2=CC=[N+](C=C2)CCC,H2O,neutral,7.0,-0.438
CC(C)[N+]1=CC=C(C=C1)C2=CC=[N+](C=C2)C(C)C,H2O,neutral,7.0,-0.45
CCSC[N+]1=CC=C(C=C1)C2=CC=[N+](C=C2)CSCC,H2O,neutral,7.0,-0.308
N#CCCC[N+]1=CC=C(C=C1)C2=CC=[N+](C=C2)CCCC#N,H2O,neutral,7.0,-0.362
CCOC(=O)C[N+]1=CC=C(C=C1)C2=CC=[N+](C=C2)CC(=O)OCC,H2O,neutral,7.0,-0.422
CN(C)C(=O)C[N+]1=CC=C(C=C1)C2=CC=[N+](C=C2)CC(=O)N(C)C,H2O,neutral,7.0,-0.301
CCOCC[N+]1=CC=C(C=C1)C2=CC=[N+](C=C2)CCOCC,H2O,neutral,7.0,-0.386
CCOC(=O)CC[N+]1=CC=C(C=C1)C2=CC=[N+](C=C2)CCC(=O)OCC,H2O,neutral,7.0,-0.376
CN(C)C(=O)CC[N+]1=CC=C(C=C1)C2=CC=[N+](C=C2)CCC(=O)N(C)C,H2O,neutral,7.0,-0.385
CCOC(=O)CCC[N+]1=CC=C(C=C1)C2=CC=[N+](C=C2)CCCC(=O)OCC,H2O,neutral,7.0,-0.433
C[N+](C)(C)CC[N+]1=CC=C(C=C1)C2=CC=[N+](C=C2)CC[N+](C)(C)C,H2O,neutral,7.0,-0.28
C1=CC(=CC=C1[N+]2=CC=C(C=C2)C3=CC=[N+](C=C3)C4=CC=C(C=C4)[N+](=O)[O-])[N+](=O)[O-],H2O,neutral,7.0,-0.15
C1=CC=C(C=C1)[N+]2=CC=C(C=C2)C3=CC=[N+](C=C3)C4=CC=CC=C4,H2O,neutral,7.0,-0.288
C1=CN=C(C=C1)C[N+]2=CC=C(C=C2)C3=CC=[N+](C=C3)CC4=NC=CC=C4,H2O,neutral,7.0,-0.325
CCN(CC)C(=O)C[N+]1=CC=C(C=C1)C2=CC=[N+](C=C2)CC(=O)N(CC)CC,H2O,neutral,7.0,-0.318
CN(C)C(=O)CCC[N+]1=CC=C(C=C1)C2=CC=[N+](C=C2)CCCC(=O)N(C)C,H2O,neutral,7.0,-0.399
CCCCCC[N+]1=CC=C(C=C1)C2=CC=[N+](C=C2)CCCCCC,H2O,neutral,7.0,-0.439
CCOC(C[N+]1=CC=C(C=C1)C2=CC=[N+](C=C2)CC(OCC)OCC)OCC,H2O,neutral,7.0,-0.373
C[N+](C)(C)CCC[N+]1=CC=C(C=C1)C2=CC=[N+](C=C2)CCC[N+](C)(C)C,H2O,neutral,7.0,-0.331
C1=CC=C(C=C1)C[N+]2=CC=C(C=C2)C3=CC=[N+](C=C3)CC4=CC=CC=C4,H2O,neutral,7.0,-0.37
CCCCCCC[N+]1=CC=C(C=C1)C2=CC=[N+](C=C2)CCCCCCC,H2O,neutral,7.0,-0.356
C[N+](C)(C)CCCC[N+]1=CC=C(C=C1)C2=CC=[N+](C=C2)CCCC[N+](C)(C)C,H2O,neutral,7.0,-0.367
CC1COCC(N1C(=O)C[N+]2=CC=C(C=C2)C3=CC=[N+](C=C3)CC(=O)N4C(COCC4C)C)C,H2O,neutral,7.0,-0.291
CCCCCCCC[N+]1=CC=C(C=C1)C2=CC=[N+](C=C2)CCCCCCCC,H2O,neutral,7.0,-0.451
CCCCCCCCCCCCCCCCCC[N+]1=CC=C(C=C1)C2=CC=[N+](C=C2)CCCCCCCCCCCCCCCCCC,H2O,neutral,7.0,-0.28
CCOC(=O)C(C1=CC=CC=C1)[N+]2=CC=C(C=C2)C3=CC=[N+](C=C3)C(C4=CC=CC=C4)C(=O)OCC,H2O,neutral,7.0,-0.188
C1=CC9=C(C=C1)C[N+]6=C4[N+](=CC=C5C3=CC=[N+]2CC8=C(C[N+]7=C2C3=C(C(=C45)C=C6)C=C7)C=CC=C8)C9,H2O,neutral,7.0,-0.139
C[N+]1=CC=C(C=C1)C2=CC=[N+](C=C2)CC[N+]3=CC=C(C=C3)C4=CC=[N+](C=C4)C,H2O,neutral,7.0,-0.28
C[N+]1=CC=C(C=C1)C2=CC=[N+](C=C2)CCC[N+]3=CC=C(C=C3)C4=CC=[N+](C=C4)C,H2O,neutral,7.0,-0.33
C[N+]1=CC=C(C=C1)C2=CC=[N+](C=C2)CCCC[N+]3=CC=C(C=C3)C4=CC=[N+](C=C4)C,H2O,neutral,7.0,-0.39
CC1=[N+](C=CC(=C1)C2=CC=[N+](C=C2)C)C,H2O,neutral,7.0,-0.5
CC[N+]1=CC=C(C=C1)C2=CC(=[N+](C=C2)CC)C,H2O,neutral,7.0,-0.51
CCC[N+]1=CC=C(C=C1)C2=CC(=[N+](C=C2)CCC)C,H2O,neutral,7.0,-0.5
C[N+]1=C(C=C(C=C1)C2=CC(=[N+](C=C2)C)C#N)C#N,H2O,neutral,7.0,0.09
CC1=[N+](C=CC(=C1)C2=CC(=[N+](C=C2)C)C)C,H2O,neutral,7.0,-0.552
CC1=C(C=C[N+](=C1)C)C2=C(C=[N+](C=C2)C)C,H2O,neutral,7.0,-0.83
CC1=CC(=CC(=[N+]1C)C)C2=CC(=[N+](C(=C2)C)C)C,H2O,neutral,7.0,-0.64
C[N+]1=C(C=C(C=C1)C2=CC(=[N+](C=C2)C)C3=CC=CC=C3)C4=CC=CC=C4,H2O,neutral,7.0,-0.39
CC1=CC=C(C=C1)C2=[N+](C=CC(=C2)C3=CC(=[N+](C=C3)C)C4=CC=C(C=C4)C)C,H2O,neutral,7.0,-0.439
CC1=[N+](C=CC(=C1)C2=CC(=[N+](C=C2)C#N)C)C#N,H2O,neutral,7.0,-0.14
CC1=[N+](C=CC(=C1)C2=CC(=[N+](C=C2)CCCl)C)CCCl,H2O,neutral,7.0,-0.422
CC1=[N+](C=CC(=C1)C2=CC(=[N+](C=C2)CCO)C)CCO,H2O,neutral,7.0,-0.481
CC(=O)C[N+]1=C(C=C(C=C1)C2=CC(=[N+](C=C2)CC(C)=O)C)C,H2O,neutral,7.0,-0.356
CCOC(=O)C[N+]1=C(C=C(C=C1)C2=CC(=[N+](C=C2)CC(=O)OCC)C)C,H2O,neutral,7.0,-0.323
CC1=C(C=C[N+](=C1)CCC[S](=O)(=O)[O-])C2=C(C=[N+](C=C2)CCC[S](=O)(=O)[O-])C,H2O,neutral,7.0,-0.79
CC1=[N+](C=CC(=C1)C2=CC(=[N+](C=C2)CCC[S](=O)(=O)[O-])C)CCC[S](=O)(=O)[O-],H2O,neutral,7.0,-0.46
CC1=[N+](C(=CC(=C1)C2=CC(=[N+](C(=C2)C)CCC[S](=O)(=O)[O-])C)C)CCC[S](=O)(=O)[O-],H2O,neutral,7.0,-0.54
C[N+]1=CC=C(C=C1)C2=CC=[N+](C=C2)[O-],H2O,neutral,7.0,-0.49
C[N+]1=CC=C(C=C1)C2=CC=[N+](C=C2)CC#N,H2O,neutral,7.0,-0.287
C[N+]1=CC=C(C=C1)C2=CC=[N+](C=C2)CCO,H2O,neutral,7.0,-0.422
C[N+]1=CC=C(C=C1)C2=CC=[N+](C=C2)CC=C,H2O,neutral,7.0,-0.426
COCC[N+]1=CC=C(C=C1)C2=CC=[N+](C=C2)C,H2O,neutral,7.0,-0.38
C[N+]1=CC=C(C=C1)C2=CC=[N+](C=C2)C\C(=C(\C#N)[H])[H],H2O,neutral,7.0,-0.369
CSC(=C[N+]1=CC=C(C=C1)C2=CC=[N+](C=C2)C)SC,H2O,neutral,7.0,-0.33
CCOC(=O)C[N+]1=CC=C(C=C1)C2=CC=[N+](C=C2)C,H2O,neutral,7.0,-0.362
CCOC(=O)C(C#N)[N+]1=CC=C(C=C1)C2=CC=[N+](C=C2)C,H2O,neutral,7.0,-0.287
COC(=O)\C(=C(\C[N+]1=CC=C(C=C1)C2=CC=[N+](C=C2)C)[H])[H],H2O,neutral,7.0,-0.381
C[N+]1=CC=C(C=C1)C2=CC=[N+](C=C2)CC#[S]N=O,H2O,neutral,7.0,-0.371
C[N+]1=CC=C(C=C1)C2=CC=[N+](C=C2)CC3=CC=CC=C3,H2O,neutral,7.0,-0.408
C[N+]1=CC=C(C=C1)C2=CC=[N+](C=C2)CC#[S]NC3=CC=CC=C3,H2O,neutral,7.0,-0.357
CC1COCC(C)N1C(=O)C[N+]2=CC=C(C=C2)C3=CC=[N+](C=C3)C,H2O,neutral,7.0,-0.374
CCSCC[N+]1=CC=C(C=C1)C2=CC=[N+](C=C2)CC,H2O,neutral,7.0,-0.428
CCC[N+]1=CC=C(C=C1)C2=CC=[N+](C=C2)CCC(=O)OC,H2O,neutral,7.0,-0.408
CCCCC[N+]1=CC=C(C=C1)C2=CC=[N+](C=C2)CCO,H2O,neutral,7.0,-0.438
C=CC[N+]1=CC=C(C=C1)C2=CC=[N+](C=C2)CC(=O)O,H2O,neutral,7.0,-0.39
C=CC[N+]1=CC=C(C=C1)C2=CC=[N+](C=C2)CC,H2O,neutral,7.0,-0.428
C=CC[N+]1=CC=C(C=C1)C2=CC=[N+](C=C2)CCCC#N,H2O,neutral,7.0,-0.383
CCN(CC)C(=O)CC[N+]1=CC=C(C=C1)C2=CC=[N+](C=C2)CC=C,H2O,neutral,7.0,-0.383
C=CCC[N+]1=CC=C(C=C1)C2=CC=[N+](C=C2)CCCC#N,H2O,neutral,7.0,-0.394
C\C(=C(\C[N+]1=CC=C(C=C1)C2=CC=[N+](C=C2)CCCF)[H])[H],H2O,neutral,7.0,-0.418
C=C(C)C[N+]1=CC=C(C=C1)C2=CC=[N+](C=C2)CC(N)=O,H2O,neutral,7.0,-0.336
C=C(CC)C[N+]1=CC=C(C=C1)C2=CC=[N+](C=C2)CCOC,H2O,neutral,7.0,-0.396
COCC[N+]1=CC=C(C=C1)C2=CC=[N+](C=C2)C\C(=C(/C)Cl)[H],H2O,neutral,7.0,-0.393
C[N+]3=CC2=C1[N+](=CC=CC1=CC=C2C=C3)C,H2O,neutral,7.0,-0.425
C[N+]1=CC3=C(C=C1)C2=C[N+](=CC=C2C=C3)C,H2O,neutral,7.0,-0.44
C[N+]2=CC1=C3C(=CC=C1C=C2)[N+](=CC=C3)C,H2O,neutral,7.0,-0.302
C[N+]1=CC2=C(C=C1)C3=C(C=C2)C=[N+](C=C3)C,H2O,neutral,7.0,-0.374
C[N+]1=CC2=C(C=C1)C3=C(C=C2)[N+](=CC=C3)C,H2O,neutral,7.0,-0.405
C[N+]1=CC=CC2=C1C=CC3=C2C=CC=[N+]3C,H2O,neutral,7.0,-0.268
C1=CC=[N+]2C=C3C=CC4=C[N+]5=CC=CC=C5C=C4C3=CC2=C1,H2O,neutral,7.0,-0.272
C1=CC=[N+]2C=C3C(=CC2=C1)C=CC4=CC5=CC=CC=[N+]5C=C43,H2O,neutral,7.0,-0.3
C1=CC=[N+]2C=C3C(=CC2=C1)C=CC4=C[N+]5=CC=CC=C5C=C43,H2O,neutral,7.0,-0.228
[CH2]O,H2O,neutral,7.0,-0.92
C(CSSCCO)O,H2O,neutral,7.0,-1.57
C1CSSC1CCCCC(=O)N,H2O,neutral,7.0,-1.6
C(=O)(N)NO,H2O,neutral,7.0,-0.552
C1=NC(=C(N1)C(=O)N)N,H2O,neutral,7.0,-0.584
CN(C)N=NC1=C(NC=N1)C(=O)N,H2O,neutral,7.0,-0.571
C[N+]1=CC=CC(=C1)C(=O)N,H2O,neutral,7.0,-0.936
C[N+]1=CC=C(C=C1)C(=O)N,H2O,neutral,7.0,-0.77
CC(=O)C1=CC=[N+](C=C1)C,H2O,neutral,7.0,-0.51
C[N+]1=CC=C(C=C1)C(=O)OC,H2O,neutral,7.0,-0.72
CC[N+]1=CC=C(C=C1)C#N,H2O,neutral,7.0,-0.626
C1=CC(=C[N+](=C1)[C@H]2[C@@H]([C@@H]([C@H](O2)COP(=O)([O-])OP(=O)(O)OC[C@@H]3[C@H]([C@H]([C@@H](O3)N4C=NC5=C(N=CN=C54)N)O)O)O)O)C(=O)N,H2O,neutral,7.0,-0.93
CC1(CC(=NC=C1)C2=CC=CC=N2)C,H2O,neutral,7.0,-1.05
CC1=CC2=C(C=C1C)N(C3=NC(=O)NC(=O)C3=N2)C[C@@H]([C@@H]([C@@H](CO)O)O)O,H2O,neutral,7.0,-0.292
CC1=CC2=C(C=C1C)N(C3=NC(=O)NC(=O)C3=N2)C[C@@H]([C@@H]([C@@H](COP(=O)(O)O)O)O)O,H2O,neutral,7.0,-0.313
CC1=CC2=C(C=C1C)N(C3=NC(=O)NC(=O)C3=N2)C[C@@H]([C@@H]([C@@H](COP(=O)(O)OP(=O)(O)OC[C@@H]4[C@H]([C@H]([C@@H](O4)N5C=NC6=C(N=CN=C65)N)O)O)O)O)O,H2O,neutral,7.0,-0.241
CC1=CC2=C(C=C1CN3C=CN=C3)N(C4=NC(=O)NC(=O)C4=N2)CC(C(C(CO)O)O)O,H2O,neutral,7.0,-0.173
CC(=O)OCC(OC(C)=O)C(OC(C)=O)C(CN2C1=CC(=C(C)C=C1N=C3C(=O)N([H])C(=O)N=C23)C[N]4C=C[N+](=C4)C)OC(C)=O,H2O,neutral,7.0,-0.118
CC1=CC2=C(C=C1C)N=C3C(=N2)C(=O)NC(=O)N3,H2O,neutral,7.0,-0.502
CC1=CC2=C(C=C1C)N=C3C(=N2)C(=O)NC(=O)N3C,H2O,neutral,7.0,-0.509
CC1=CC2=C(C=C1C)N=C3C(=N2)C(=O)N(C(=O)N3)C,H2O,neutral,7.0,-0.535
C1=C(C(=CC2=C1N=C3C(=N2)C(=O)N(C(=O)N3C)C)C)C,H2O,neutral,7.0,-0.53
C12=[S]3ON=C1CSCC2=NO3,H2O,neutral,7.0,-0.375
C12=[S]3ON=C1C[S](CC2=NO3)=O,H2O,neutral,7.0,-0.277
C12=[S]3ON=C1C[S](CC2=NO3)(=O)=O,H2O,neutral,7.0,-0.227
[C]12=[S]3ON=C1C[C]CC2=NO3,H2O,neutral,7.0,-0.416
C1=CC=CC2=C1C(=C3C(=[N+]2[H])C=CC=C3)NC4=CC=C(C=C4)N[S](C)(=O)=O,H2O,neutral,7.0,-0.803
C1(=CC=C(C2=NSN=C12)C#N)C#N,H2O,neutral,7.0,-0.49
C2(=NC1=NSN=C1N=C2C3=CC=CO3)C4=CC=CO4,H2O,neutral,7.0,-0.374
C2(=NC1=NSN=C1N=C2C3=CC=CC=N3)C4=NC=CC=C4,H2O,neutral,7.0,-0.236
C2(=NC1=NSN=C1N=C2C3=CC=CC=[N+]3[O-])C4=NC=CC=C4,H2O,neutral,7.0,-0.253
C1(=CC=C(C=C1)O)N,H2O,neutral,7.0,0.217
COC1=CC=C(C=C1)O,H2O,neutral,7.0,0.32
CNC1=CC=C(C=C1)O,H2O,neutral,7.0,0.146
CC(=O)NC1=CC=C(C=C1)O,H2O,neutral,7.0,0.45
CN(C)C1=CC=C(C=C1)O,H2O,neutral,7.0,0.174
C1=CC(=CC=C1C[C@@H](C(=O)O)N)O,H2O,neutral,7.0,0.64
C1=CC(=CC=C1CC(C(=O)O)N)O,H2O,neutral,7.0,0.87
CC(=O)N[C@@H](CC1=CC=C(C=C1)O)C(=O)N,H2O,neutral,7.0,0.65
C[C@@H](C(=O)N[C@@H](CC1=CC=C(C=C1)O)C(=O)O)N,H2O,neutral,7.0,0.85
C1=CC=C(C(=C1)O)O,H2O,neutral,7.0,0.043
C1=CC(=C(C(=C1)O)O)C(=O)O,H2O,neutral,7.0,0.118
C1=CC(=C(C=C1C(=O)O)O)O,H2O,neutral,7.0,0.119
C1=CC(=C(C=C1CC(=O)O)O)O,H2O,neutral,7.0,0.021
C1=CC(=C(C=C1CCN)O)O,H2O,neutral,7.0,0.018
C1=CC(=C(C=C1[C@H](CN)O)O)O,H2O,neutral,7.0,0.044
C1=CC(=C(C=C1/C=C/C(=O)O)O)O,H2O,neutral,7.0,0.084
C1(=CC=C(C=C1O)CC(C(O)=O)N)O,H2O,neutral,7.0,0.014
C1=CC(=CC(=C1)O)O,H2O,neutral,7.0,0.385
C1=CC(=C(C=C1O)C(=O)O)O,H2O,neutral,7.0,0.033
C1=C(C=C(C=C1O)O)C(=O)O,H2O,neutral,7.0,0.28
C1=CC(=CC=C1O)O,H2O,neutral,7.0,1.041
C1=C(C(=CC(=C1S(=O)(=O)O)O)S(=O)(=O)O)O,H2O,neutral,7.0,0.116
CC1=C(C=CC(=C1)O)O,H2O,neutral,7.0,0.46
COC1=C(C=CC(=C1)O)O,H2O,neutral,7.0,-0.085
C1(=C(C=CC(=C1)O)O)COC,H2O,neutral,7.0,0.118
C1=CC(=C(C=C1O)CC(=O)O)O,H2O,neutral,7.0,-0.05
C1(=C(C=CC(=C1C)O)O)C,H2O,neutral,7.0,0.43
CC1=C(C=C(C(=C1)O)C)O,H2O,neutral,7.0,0.98
CC1=C(C=CC(=C1C)O)O,H2O,neutral,7.0,0.385
CC1=C(C(=C(C(=C1C)O)C)C)O,H2O,neutral,7.0,0.95
C1=CC(=C(C(=C1)O)O)O,H2O,neutral,7.0,-0.009
C1=C(C=C(C(=C1O)O)O)CCN,H2O,neutral,7.0,0.042
CCOC(=O)C1=CC(=C(C(=C1)O)O)O,H2O,neutral,7.0,-0.054
C1=CC(=C(C=C1O)O)O,H2O,neutral,7.0,-0.11
C1=CC=C(C=C1)N,H2O,neutral,7.0,1.03
C1=CC(=CC=C1N)N,H2O,neutral,7.0,0.183
C1=CC=C2C(=C1)C=CN2,H2O,neutral,7.0,1.24
C1=CC2=C(C=CN2)C=C1O,H2O,neutral,7.0,0.216
CN1C=CC2=CC=CC=C21,H2O,neutral,7.0,1.23
CC1=CC2=CC=CC=C2N1,H2O,neutral,7.0,1.1
CC1=CNC2=CC=CC=C12,H2O,neutral,7.0,1.01
C1=CC=C2C(=C1)C(=CN2)CC(=O)O,H2O,neutral,7.0,0.84
CC1=C(NC2=CC=CC=C12)C,H2O,neutral,7.0,0.78
C1=CC=C2C(=C1)C(=CN2)CCN,H2O,neutral,7.0,0.0
C1=CC=C2C(=C1)C(=CN2)C[C@@H](C(=O)O)N,H2O,neutral,7.0,1.14
C1=CC2=C(C=C1O)C(=CN2)CC(C(=O)O)N,H2O,neutral,7.0,0.208
C1=CC=C2C(=C1)C(=CN2)CC(C(=O)N)N,H2O,neutral,7.0,0.94
C[C@@H](C(=O)O)NC(=O)[C@H](CC1=CNC2=CC=CC=C21)N,H2O,neutral,7.0,0.0
C1=CNC(=O)NC1=O,H2O,neutral,7.0,0.87
CC1=CNC(=O)NC1=O,H2O,neutral,7.0,0.78
C1C(=O)NC(=O)NC1=O,H2O,neutral,7.0,0.79
C1C(=O)C(=O)NC(=O)N1,H2O,neutral,7.0,0.132
C1=C(NC(=O)N=C1)N,H2O,neutral,7.0,0.83
C1=NC2=NC=NC(=C2N1)N,H2O,neutral,7.0,0.75
C1=NC(=C2C(=N1)N(C=N2)[C@H]3[C@@H]([C@@H]([C@H],H2O,neutral,7.0,0.81
C1=NC2=C(N1)C(=O)NC(=N2)N,H2O,neutral,7.0,0.62
C1=NC2=C(N1[C@H]3[C@@H]([C@@H]([C@H],H2O,neutral,7.0,0.71
C1=NC2=C(N1)C(=O)NC=N2,H2O,neutral,7.0,0.74
C1=NC2=C(N1)C(=O)NC(=O)N2,H2O,neutral,7.0,0.59
C12=C(NC(=O)N1)NC(=O)NC2=O,H2O,neutral,7.0,0.26
CC(CN1C2=CC=CC=C2S(=O)(=O)C3=CC=CC=C31)N(C)C,H2O,neutral,7.0,0.701
CN1C2=C(C=C(C=C2)Br)SC3=CC=CC=C31,H2O,neutral,7.0,0.766
C1=CC=C2C(=C1)NC3=C(S2)C=C(C=C3)Cl,H2O,neutral,7.0,0.763
C1=CC=C2C(=C1)NC3=C(S2)C=C(C=C3)F,H2O,neutral,7.0,0.722
C1=CC=C2C(=C1)NC3=C(S2)C=C(C=C3)I,H2O,neutral,7.0,0.758
CC1=CC2=C(C=C1)NC3=CC=CC=C3S2,H2O,neutral,7.0,0.651
COC1=C2C(=CC=C1)SC3=CC=CC=C3N2,H2O,neutral,7.0,0.698
COC1=CC2=C(C=C1)NC3=CC=CC=C3S2,H2O,neutral,7.0,0.59
CCOC1=C2C(=CC=C1)SC3=CC=CC=C3N2,H2O,neutral,7.0,0.692
CCOC1=CC2=C(C=C1)NC3=CC=CC=C3S2,H2O,neutral,7.0,0.58
CN1C2=C(C=C(C=C2)C3=CC=CC=C3)SC4=CC=CC=C41,H2O,neutral,7.0,0.679
COC1=CC2=C(C=C1)NC3=C(S2)C=CC(=C3)Cl,H2O,neutral,7.0,0.662
COC1=CC2=C(C=C1)NC3=C(S2)C(=CC=C3)Cl,H2O,neutral,7.0,0.668
C1=CC3=C(C=C1C)SC2=C(C=CC(=C2)C)N3,H2O,neutral,7.0,0.626
C1=CC3=C(C=C1OC)SC2=C(C=CC(=C2)OC)N3,H2O,neutral,7.0,0.475
C1=CC3=C(C=C1)N(C2=C(C=CC=C2)S3)C,H2O,neutral,7.0,0.829
CN(C)CCCN1C2=CC=CC=C2SC3=CC=CC=C31,H2O,neutral,7.0,0.715
CC(CN1C2=CC=CC=C2SC3=CC=CC=C31)N(C)C,H2O,neutral,7.0,0.865
C1=CC3=C(C=C1)N(C2=C(C=CC=C2)S3)C(C)CN(C)C,H2O,neutral,7.0,0.89
C1=CC3=C(C=C1)N(C2=C(C=CC=C2)S3)CCCN4CCN(CC4)C,H2O,neutral,7.0,0.847
CCN(CC)CCN1C2=CC=CC=C2SC3=CC=CC=C31,H2O,neutral,7.0,0.807
CC(CN1C2=CC=CC=C2SC3=CC=CC=C31)[N+](C)(C)C.COS(=O)(=O)[O-],H2O,neutral,7.0,0.861
C1=CC3=C(C=C1)N(C2=C(C=CC=C2)S3)CC4CN(CCC4)C,H2O,neutral,7.0,0.783
C1=CC3=C(C=C1)N(C2=C(C=CC=C2)S3)CC(C)N(CC)CC,H2O,neutral,7.0,0.9
C1=CC3=C(C=C1)N(C2=C(C=CC=C2)S3)CCCN(CC)CC,H2O,neutral,7.0,0.954
C1=CC3=C(C=C1)N(C2=C(C=CC=C2)S3)CCCCCC[N](CC)(CC)CC,H2O,neutral,7.0,0.864
C1=CC3=C(C=C1)N(C2=C(C=CC=C2)S3)CCCN4CCC(CC4)C,H2O,neutral,7.0,0.72
C1=CC3=C(C=C1)N(C2=C(C=CC=C2)S3)CCCN4CCN(CC4)CCO,H2O,neutral,7.0,0.762
CN(C)CCCN1C2=CC=CC=C2SC3=C1C=C(C=C3)Cl,H2O,neutral,7.0,0.762
CN(C)CCCN1C2=CC=CC=C2SC3=C1C=C(C=C3)C(F)(F)F,H2O,neutral,7.0,0.894
CN(C)CCCN2C1=CC(=CC=C1SC3=CC=CC=C23)O,H2O,neutral,7.0,0.625
CN(C)CCCN2C1=CC(=CC=C1SC3=CC=CC=C23)OC,H2O,neutral,7.0,0.71
CN(C)CCCN2C1=CC(=CC=C1SC3=CC=CC=C23)COC,H2O,neutral,7.0,0.863
CN1CCCCC1CCN2C3=CC=CC=C3SC4=C2C=C(C=C4)SC,H2O,neutral,7.0,0.794
CN1CCN(CC1)CCCN2C3=CC=CC=C3SC4=C2C=C(C=C4)Cl,H2O,neutral,7.0,0.827
CN1CCN(CC1)CCCN2C3=CC=CC=C3SC4=C2C=C(C=C4)C(F)(F)F,H2O,neutral,7.0,0.944
CN1CCN(CC1)CCCN2C3=CC=CC=C3SC4=C2C=C(C=C4)S(=O)(=O)N(C)C,H2O,neutral,7.0,0.877
C(N1CCN(CC1)CCCN3C2=CC=CC=C2SC4=C3C=C(C=C4)[S](=O)(=O)N(C)C)CO,H2O,neutral,7.0,0.83
C1=CC=C2C(=C1)C=CC3=C2NC4=CC=CC=C4S3,H2O,neutral,7.0,0.633
C1=CC=C2C(=C1)C=CC4=C2SC3=CC=CC=C3N4,H2O,neutral,7.0,0.628
C34C(CC1C(C2=C(C=C1)C=CC=C2)N3)C=CC5=C4C=CC=C5,H2O,neutral,7.0,0.544
C15=C(C2=C(C=C1)C=CC=C2)SC3=C(C=CC4=C3C=CC=C4)N5,H2O,neutral,7.0,0.548
C13=C(C=CC=C1)[S-](C2=C(C=CC=C2)N3)[O+],H2O,neutral,7.0,0.8
C1=CC(=CC2=C1C=CC(=O)O2)O,H2O,neutral,7.0,0.315
CC1=C(C2=CC=CC=C2C(=C1)O)O,H2O,neutral,7.0,0.19
CC1=C(C(=O)C2=CC=CC=C2C1=O)C/C=C(\C)/CCCC(C)CCCC(C)CCCC(C)C,H2O,neutral,7.0,0.022
C1=CC(=C(C2=C1C(=O)C3=C(C=CC(=C3C2=O)O)O)O)O,H2O,neutral,7.0,0.073
C1(=C(C(=C(C2=C1OC(CC2)(C)C(=O)O)C)O)C)C,H2O,neutral,7.0,0.192
C1[C@@H]([C@H](OC2=CC(=CC(=C21)O)O)C3=CC(=C(C=C3)O)O)O,H2O,neutral,7.0,0.079
C1[C@H]([C@H](OC2=CC(=CC(=C21)O)O)C3=CC(=C(C=C3)O)O)O,H2O,neutral,7.0,0.048
C1=CC(=C(C=C1C2=C(C(=O)C3=C(C=C(C=C3O2)O)O)O)O)O,H2O,neutral,7.0,-0.037
C1=C2C3=C(C(=C1O)O)OC(=O)C4=CC(=C(C(=C43)OC2=O)O)O,H2O,neutral,7.0,0.187
C1C=CN(C=C1C(=O)N)[C@H]2[C@@H]([C@@H]([C@H](O2)COP(=O)(O)OP(=O)(O)OC[C@@H]3[C@H]([C@H]([C@@H](O3)N4C=NC5=C(N=CN=C54)N)O)O)O)O,H2O,neutral,7.0,0.282
C([C@@H](C(=O)O)N)S,H2O,neutral,7.0,0.11
C(C(=O)O)S,H2O,neutral,7.0,1.347
CC(C)([C@H](C(=O)O)N)S,H2O,neutral,7.0,1.345
C(CS)C(=O)O,H2O,neutral,7.0,1.359
C([C@H]([C@@H](CS)O)O)S,H2O,neutral,7.0,1.752
C(CCC(=O)N)CC(CCS)S,H2O,neutral,7.0,1.7
C([C@H]([C@H](CS)O)O)S,H2O,neutral,7.0,1.724
CSSC,H2O,neutral,7.0,1.391
C1CSS[C@@H]1CCCCC(=O)O,H2O,neutral,7.0,1.13
CC1=NNC(=O)C1,H2O,neutral,7.0,0.39
CC1C=NNC1=O,H2O,neutral,7.0,0.32
CC1C(=NNC1=O)C,H2O,neutral,7.0,0.33
C1=C[CH]C=C1.C1=C[CH]C=C1.[Fe],MeCN,neutral,7.0,0.16
C1=C[CH]C=C1.C1=C[CH]C=C1.[Fe],CH2Cl2,neutral,7.0,0.27
C1=CC=NC(=C1)C2=CC=CC=N2.C1=CC=NC(=C1)C2=CC=CC=N2.C1=CC=NC(=C1)C2=CC=CC=N2.[Fe+2],MeCN,neutral,7.0,1.41
[CH-]1[CH-][CH-][CH-][CH-]1.[CH-]1C=CC=C1.[Fe],-,neutral,7.0,0.75
C1=CC2=C(C3=C(C=CC=N3)C=C2)N=C1.C1=CC2=C(C3=C(C=CC=N3)C=C2)N=C1.C1=CC2=C(C3=C(C=CC=N3)C=C2)N=C1.[Ru+2],MeCN,neutral,7.0,1.62
C1=CC=C2C(=C1)SC3=CC=CC=C3S2,MeCN,neutral,7.0,1.61
C1=CC=C([C-]=C1)C2=CC=CC=N2.C1=CC=C([C-]=C1)C2=CC=CC=N2.C1=CC=C([C-]=C1)C2=CC=CC=N2.[Ir+3],MeCN,neutral,7.0,2.05
C1=CN=C(C=N1)C2=NC=CN=C2.C1=CN=C(C=N1)C2=NC=CN=C2.C1=CN=C(C=N1)C2=NC=CN=C2.[Ru],MeCN,neutral,7.0,2.65
C1=CC=NC(=C1)C2=CC=CC=N2.C1=CC=NC(=C1)C2=CC=CC=N2.C1=CC=NC(=C1)C2=CC=CC=N2.[Ru+2],MeCN,neutral,7.0,2.55
N.N.N.N.N.N.[Co+2],H2O,neutral,7.0,0.108
[C-]#N.[C-]#N.[C-]#N.[C-]#N.[C-]#N.[C-]#N.[Fe+2],H2O,neutral,7.0,0.358
C1=CC=NC(=C1)C2=CC=CC=N2.C1=CC=NC(=C1)C2=CC=CC=N2.[Fe+2],H2O,neutral,7.0,0.78
C1=CC=NC(=C1)C2=CC=CC=N2.C1=CC=NC(=C1)C2=CC=CC=N2.C1=CC=NC(=C1)C2=CC=CC=N2.[Fe+2],H2O,neutral,7.0,1.03
C1=CC2=C(C3=C(C=CC=N3)C=C2)N=C1.C1=CC2=C(C3=C(C=CC=N3)C=C2)N=C1.C1=CC2=C(C3=C(C=CC=N3)C=C2)N=C1.[Fe+2],H2O,neutral,7.0,1.147
C1=CC2=C(C3=C(C=CC=N3)C=C2)N=C1.C1=CC2=C(C3=C(C=CC=N3)C=C2)N=C1.C1=CC2=C(C3=C(C=CC=N3)C=C2)N=C1.[Fe+2],1 M H2SO4,neutral,7.0,1.06
[CH-]1C=CC=C1.[CH-]1C=CC=C1.[Fe+2],H2O,neutral,7.0,0.4
C1=CC=NC(=C1)C2=CC=CC=N2.C1=CC=NC(=C1)C2=CC=CC=N2.[Os+2],H2O,neutral,7.0,0.81
C1=CC=NC(=C1)C2=CC=CC=N2.C1=CC=NC(=C1)C2=CC=CC=N2.C1=CC=NC(=C1)C2=CC=CC=N2.[Os+2],H2O,neutral,7.0,0.8
C1=CC=NC(=C1)C2=CC=CC=N2.C1=CC=NC(=C1)C2=CC=CC=N2.C1=CC=NC(=C1)C2=CC=CC=N2.[Ru+2],H2O,neutral,7.0,1.24
N.N.N.N.N.N.[Ru+8],H2O,neutral,7.0,0.1
C1=CC2=C(C3=C(C=CC=N3)C=C2)N=C1.C1=CC2=C(C3=C(C=CC=N3)C=C2)N=C1.C1=CC2=C(C3=C(C=CC=N3)C=C2)N=C1.[Ru+2],H2O,neutral,7.0,0.21
[C-]#N.[C-]#N.[C-]#N.[C-]#N.[C-]#N.[C-]#N.[Ru+2],H2O,neutral,7.0,0.86
C1=CC2=C(C3=C(C=CC=N3)C=C2)N=C1.C1=CC2=C(C3=C(C=CC=N3)C=C2)N=C1.C1=CC2=C(C3=C(C=CC=N3)C=C2)N=C1.[V+2],H2O,neutral,7.0,0.14
[O-][Ru](=O)(=O)[O-],H2O,neutral,7.0,0.59
Cl[Ir-3](Cl)(Cl)(Cl)(Cl)Cl,H2O,neutral,7.0,0.8665
