,Standard reduction potential (mV),,,product only,Solvent: water,,,
count,Group1,Group2,number,IUPAC Name,SMILE,SRP (mV),SRP (V),neutral
1,1.quinone,1. Benzoqulnone,1,"cyclohexa-2,5-diene-1,4-dione",C1=CC(=O)C=CC1=O,78,0.078,
2,,,2,"2-methylcyclohexa-2,5-diene-1,4-dione",CC1=CC(=O)C=CC1=O,23,0.023,
3,,,3,"2,3-dimethylcyclohexa-2,5-diene-1,4-dione",CC1=C(C(=O)C=CC1=O)C,-74,-0.074,
4,,,4,"2,5-dimethylcyclohexa-2,5-diene-1,4-dione",CC1=CC(=O)C(=CC1=O)C,-67,-0.067,
5,,,5,"2,6-dimethylcyclohexa-2,5-diene-1,4-dione",CC1=CC(=O)C=C(C1=O)C,-80,-0.08,
6,,,6,"2,3,5-trimethylcyclohexa-2,5-diene-1,4-dione",CC1=CC(=O)C(=C(C1=O)C)C,-165,-0.165,
7,,,7,"2,3,5,6-tetramethylcyclohexa-2,5-diene-1,4-dione",CC1=C(C(=O)C(=C(C1=O)C)C)C,-260,-0.26,
8,,,8,"2,5-bis(aziridin-1-yl)-3,6-bis(2-hydroxyethylamino)cyclohexa-2,5-diene-1,4-dione",C1CN1C2=C(C(=O)C(=C(C2=O)NCCO)N3CC3)NCCO,-383,-0.383,
9,,,9,"ethyl N-[2,5-bis(aziridin-1-yl)-4-(ethoxycarbonylamino)-3,6-dioxocyclohexa-1,4-dien-1-yl]carbamate",CCOC(=O)NC1=C(C(=O)C(=C(C1=O)N2CC2)NC(=O)OCC)N3CC3,-168,-0.168,
10,,2. Naphthoquinone,1,"naphthalene-1,2-dione",C1=CC=C2C(=C1)C=CC(=O)C2=O,-89,-0.089,
11,,,2,"naphthalene-1,4-dione",C1=CC=C2C(=O)C=CC(=O)C2=C1,-140,-0.14,
12,,,3,"5-hydroxynaphthalene-1,4-dione",C1=CC2=C(C(=O)C=CC2=O)C(=C1)O,-93,-0.093,
13,,,4,"5,8-dihydroxynaphthalene-1,4-dione",C1=CC(=C2C(=O)C=CC(=O)C2=C1O)O,-110,-0.11,
14,,ion,5,"1,4-dioxonaphthalene-2-sulfonic acid",C1=CC=C2C(=C1)C(=O)C=C(C2=O)S(=O)(=O)O,-60,-0.06,
15,,,6,"2-methylnaphthalene-1,4-dione",CC1=CC(=O)C2=CC=CC=C2C1=O,-203,-0.203,
16,,,7,"2-(hydroxymethyl)naphthalene-1,4-dione",C1=CC=C2C(=C1)C(=O)C=C(C2=O)CO,-152,-0.152,
17,,,8,"2-(methoxymethyl)naphthalene-1,4-dione",COCC1=CC(=O)C2=CC=CC=C2C1=O,-129,-0.129,
18,,,9,"(1,4-dioxonaphthalen-2-yl)methyl acetate",CC(=O)OCC1=CC(=O)C2=CC=CC=C2C1=O,-100,-0.1,
19,,,10,"(1,4-dioxonaphthalen-2-yl)methyl N-(2-chloroethyl)carbamate",C1=CC=C2C(=C1)C(=O)C=C(C2=O)COC(=O)NCCCl,-122,-0.122,
20,,,11,"6-(bromomethyl)naphthalene-1,4-dione",C1=CC2=C(C=C1CBr)C(=O)C=CC2=O,-92,-0.092,
21,,,12,"6-(chloromethyl)naphthalene-1,4-dione",C1=CC2=C(C=C1CCl)C(=O)C=CC2=O,-94,-0.094,
22,,,13,"(5,8-dioxonaphthalen-2-yl)methyl acetate",CC(=O)OCC1=CC2=C(C=C1)C(=O)C=CC2=O,-94,-0.094,
23,,,14,"(5,8-dioxonaphthalen-2-yl)methyl N-methylcarbamate",CNC(=O)OCC1=CC2=C(C=C1)C(=O)C=CC2=O,-99,-0.099,
24,,,15,"2,3-dimethylnaphthalene-1,4-dione",CC1=C(C(=O)C2=CC=CC=C2C1=O)C,-240,-0.24,
25,,,16,"(2S)-2-amino-5-[[(2R)-1-(carboxymethylamino)-3-(3-methyl-1,4-dioxonaphthalen-2-yl)sulfanyl-1-oxopropan-2-yl]amino]-5-oxopentanoic acid",CC1=C(C(=O)C2=CC=CC=C2C1=O)SC[C@@H](C(=O)NCC(=O)O)NC(=O)CC[C@@H](C(=O)O)N,-192,-0.192,
26,,,17,"2-methyl-3-[(E,7R,11R)-3,7,11,15-tetramethylhexadec-2-enyl]naphthalene-1,4-dione",CC1=C(C(=O)C2=CC=CC=C2C1=O)C/C=C(\C)/CCC[C@H](C)CCC[C@H](C)CCCC(C)C,-170,-0.17,
27,,3. Anthraquinone,1,"9,10-dioxoanthracene-2-sulfonate",C1=CC=C2C(=C1)C(=O)C3=C(C2=O)C=C(C=C3)S(=O)(=O)[O-],-390,-0.39,
28,,,2,"1,4-dihydroxy-9,10-dioxoanthracene-2-sulfonate",C1=CC=C2C(=C1)C(=O)C3=C(C2=O)C(=C(C=C3O)S(=O)(=O)[O-])O,-270,-0.27,
29,,,3,"5,8-dihydroxy-9,10-dioxoanthracene-2-sulfonate",C1=CC2=C(C=C1S(=O)(=O)[O-])C(=O)C3=C(C=CC(=C3C2=O)O)O,-249,-0.249,
30,,,4,"1,4-dihydroxy-5-[2-(2-hydroxyethylamino)ethylamino]-8-[2-(propylamino)ethylamino]anthracene-9,10-dione",CCCNCCNC1=C2C(=C(C=C1)NCCNCCO)C(=O)C3=C(C=CC(=C3C2=O)O)O,-527,-0.527,
31,,,5,"1,4-bis[(2-hydroxyethyl-amino)ethyl]amino-9,10-anthraquinone diacetate",C1=CC=C2C(=C1)C(=O)C3=C(C=CC(=C3C2=O)NCCNCCOC(=O)O)NCCNCCOC(=O)O,-348,-0.348,
32,,"4. Isoindole-4,7-dione",1,,C2(C1=C(C)N(C(=C1C(C=C2)=O)C3=CC=CC=C3)C)=O,-440,-0.44,
33,,,2,"8-methyl-2,3-dihydro-1H-pyrrolo[2,1-a]isoindole-6,9-dione",CC1=CC(=O)C2=CN3CCCC3=C2C1=O,-420,-0.42,
34,,,3,"2,3,5-trimethyl-1-phenylisoindole-4,7-dione",CC1=CC(=O)C2=C(N(C(=C2C1=O)C)C)C3=CC=CC=C3,-423,-0.423,
35,,,4,"5-phenyl-2,3-dihydro-1H-pyrrolo[2,1-a]isoindole-6,9-dione",C1CC2=C3C(=O)C=CC(=O)C3=C(N2C1)C4=CC=CC=C4,-427,-0.427,
36,,,5,,C2(C1=C([N](C=C1C(C=C2)=O)C)C3=CC=CC=C3)=O,-419,-0.419,
37,,,6,,C2(C1=C3[N](C(=C1C(C=C2)=O)C)CCC3)=O,-438,-0.438,
38,,,7,,C2(C1=C4[N](C(=C1C(C(=C2C)C)=O)C3=CC=CC=C3)CCC4)=O,-435,-0.435,
39,,,8,,C2(C1=C[N](C(=C1C(C(=C2C)C)=O)C)C)=O,-452,-0.452,
40,,,9,"ethyl 8-methyl-6,9-dioxo-2,3-dihydro-1H-pyrrolo[1,2-b]isoindole-5-carboxylate",CCOC(=O)C1=C2C(=O)C=C(C(=O)C2=C3N1CCC3)C,-368,-0.368,
41,,,10,"ethyl 2,5-dimethyl-4,7-dioxo-3-phenylisoindole-1-carboxylate",CCOC(=O)C1=C2C(=O)C=C(C(=O)C2=C(N1C)C3=CC=CC=C3)C,-366,-0.366,
42,,,11,,C2(C1=C([N]3C(=C1C(C(=C2C)OC)=O)CCC3)C(OCC)=O)=O,-383,-0.383,
43,,5. Miscellaneous quinone,1,"(-+,,?)3-hydroxy-1-methyl-2,3-dihydroindole-5,6-dione",CN1CC(C2=CC(=O)C(=O)C=C21)O,-253,-0.253,
44,,,2,"5-aminophthalazine-1,4-dione",C1=CC2=C(C(=C1)N)C(=O)N=NC2=O,240,0.24,
45,,,3,"4a,10a-dihydrophenanthrene-9,10-dione",C1=CC=C2C(=C1)C3C=CC=CC3C(=O)C2=O,-124,-0.124,
46,,,4,"(7S,9S)-7-[(2R,4S,5S,6S)-4-amino-5-hydroxy-6-methyloxan-2-yl]oxy-6,9,11-trihydroxy-9-(2-hydroxyacetyl)-4-methoxy-8,10-dihydro-7H-tetracene-5,12-dione",C[C@H]1[C@H]([C@H](C[C@@H](O1)O[C@H]2C[C@@](CC3=C2C(=C4C(=C3O)C(=O)C5=C(C4=O)C(=CC=C5)OC)O)(C(=O)CO)O)N)O,-292,-0.292,
47,,,5,"(7S,9S)-9-acetyl-7-[(2R,4S,5S,6S)-4-amino-5-hydroxy-6-methyloxan-2-yl]oxy-6,9,11-trihydroxy-4-methoxy-8,10-dihydro-7H-tetracene-5,12-dione",C[C@H]1[C@H]([C@H](C[C@@H](O1)O[C@H]2C[C@@](CC3=C2C(=C4C(=C3O)C(=O)C5=C(C4=O)C(=CC=C5)OC)O)(C(=O)C)O)N)O,-305,-0.305,
48,,,6,2-(3-hydroxy-5-sulfonato-1H-indol-2-yl)-3-oxoindole-5-sulfonate,C1=CC2=C(C=C1S(=O)(=O)[O-])C(=C(N2)C3=NC4=C(C3=O)C=C(C=C4)S(=O)(=O)[O-])O,-247,-0.247,
49,,,7,"[(4S,6S,7R,8S)-11-amino-7-methoxy-12-methyl-10,13-dioxo-2,5-diazatetracyclo[7.4.0.02,7.04,6]trideca-1(9),11-dien-8-yl]methyl carbamate",CC1=C(C(=O)C2=C(C1=O)N3C[C@H]4[C@@H]([C@@]3([C@@H]2COC(=O)N)OC)N4)N,-271,-0.271,
50,,,8,,C1(C=C(C(C(=C1)C)=O)Br)=C2C=C(C(C(=C2)Br)=O)Br,260,0.26,
51,,,9,"2,6-dichloro-4-(3,5-dichloro-4-oxocyclohexa-2,5-dien-1-ylidene)cyclohexa-2,5-dien-1-one",C1=C(C(=O)C(=CC1=C2C=C(C(=O)C(=C2)Cl)Cl)Cl)Cl,260,0.26,
52,,,10,"4,5-dioxo-1H-pyrrolo[2,3-f]quinoline-2,7,9-tricarboxylic acid",C1=C(C2=C(C(=O)C(=O)C3=C2NC(=C3)C(=O)O)N=C1C(=O)O)C(=O)O,-114,-0.114,
53,,,11,,C1=CC=C(C4=C1C2=NN(C3=CC=C(C(C23)C4=O)NCCNCCO)CCNCCO)O,-538,-0.538,
54,,,12,"4-(acridin-9-ylamino)-3-methoxycyclohexa-2,5-dien-1-one",COC1=CC(=O)C=CC1NC2=C3C=CC=CC3=NC4=CC=CC=C42,85,0.085,
55,,,13,,C1=CC=CC2=C1C(=C3C(=N2)C=CC=C3)N(C4C=CC(C=C4N(C)C)=O)[H],-10,-0.01,
56,2. Nitroaryl,1. Nitrobenzene,1,"1,2-dinitrobenzene",C1=CC=C(C(=C1)[N+](=O)[O-])[N+](=O)[O-],-287,-0.287,
57,,,2,"1,3-dinitrobenzene",C1=CC(=CC(=C1)[N+](=O)[O-])[N+](=O)[O-],-345,-0.345,
58,,,3,"1,4-dinitrobenzene",C1=CC(=CC=C1[N+](=O)[O-])[N+](=O)[O-],-257,-0.257,
59,,,4,"2,4-dinitrobenzoic acid",C1=CC(=C(C=C1[N+](=O)[O-])[N+](=O)[O-])C(=O)O,-345,-0.345,
60,,,5,"2,5-dinitrobenzoic acid",C1=CC(=C(C=C1[N+](=O)[O-])C(=O)O)[N+](=O)[O-],-272,-0.272,
61,,,6,"3,4-dinitrobenzoic acid",C1=CC(=C(C=C1C(=O)O)[N+](=O)[O-])[N+](=O)[O-],-271,-0.271,
62,,,7,"3,5-dinitrobenzoic acid",C1=C(C=C(C=C1[N+](=O)[O-])[N+](=O)[O-])C(=O)O,-344,-0.344,
63,,,8,"2,4-dinitrophenol",C1=CC(=C(C=C1[N+](=O)[O-])[N+](=O)[O-])O,-500,-0.5,
64,,,9,1-(3-nitrophenyl)ethanone,CC(=O)C1=CC(=CC=C1)[N+](=O)[O-],-437,-0.437,
65,,,10,1-(4-nitrophenyl)ethanone,CC(=O)C1=CC=C(C=C1)[N+](=O)[O-],-358,-0.358,
66,,,11,nitrobenzene,C1=CC=C(C=C1)[N+](=O)[O-],-486,-0.486,
67,,,12,2-nitrobenzaldehyde,C1=CC=C(C(=C1)C=O)[N+](=O)[O-],-355,-0.355,
68,,,13,4-nitrobenzaldehyde,C1=CC(=CC=C1C=O)[N+](=O)[O-],-322,-0.322,
69,,,14,2-nitrobenzoic acid,C1=CC=C(C(=C1)C(=O)O)[N+](=O)[O-],-412,-0.412,
70,,,15,3-nitrobenzoic acid,C1=CC(=CC(=C1)[N+](=O)[O-])C(=O)O,-433,-0.433,
71,,,16,4-nitrobenzoic acid,C1=CC(=CC=C1C(=O)O)[N+](=O)[O-],-396,-0.396,
72,,,17,2-nitrobenzonitrile,C1=CC=C(C(=C1)C#N)[N+](=O)[O-],-308,-0.308,
73,,,18,(4-nitrophenyl)methanol,C1=CC(=CC=C1CO)[N+](=O)[O-],-477,-0.477,
74,,,19,4-nitro-(3'-dimethylamino)-propiophenone,C1=CC(=CC=C1C(CCN(C)C)=O)[N+](=O)[O-],-315,-0.315,
75,,,20,"5-(aziridin-1-yl)-2,4-dinitrobenzamide",C1CN1C2=C(C=C(C(=C2)C(=O)N)[N+](=O)[O-])[N+](=O)[O-],-385,-0.385,
76,,,21,"5-(aziridin-1-yl)-N-methyl-2,4-dinitrobenzamide",CNC(=O)C1=CC(=C(C=C1[N+](=O)[O-])[N+](=O)[O-])N2CC2,-387,-0.387,
77,,,22,"5-(aziridin-1-yl)-N,N-dimethyl-2,4-dinitrobenzamide",CN(C)C(=O)C1=CC(=C(C=C1[N+](=O)[O-])[N+](=O)[O-])N2CC2,-377,-0.377,
78,,,23,,C1(=C(C=C(C(=C1)[N+](=O)[O-])N2CC2)C(=O)NCC(OC)OC)[N+](=O)[O-],-384,-0.384,
79,,,24,"5-amino-2,4-dinitrobenzamide",C1=C(C(=CC(=C1N)[N+](=O)[O-])[N+](=O)[O-])C(=O)N,-460,-0.46,
80,,,25,,C1(=C(C=C(C(=C1)[N+](=O)[O-])N(C)C)C(=O)N([H])[H])[N+](=O)[O-],-464,-0.464,
81,,,26,2-amino-5-(aziridin-1-yl)-4-nitrobenzamide,C1CN1C2=C(C=C(C(=C2)C(=O)N)N)[N+](=O)[O-],-515,-0.515,
82,,2. Nitrofuran,1,5-nitrofuran-2-carboxylic acid,C1=C(OC(=C1)[N+](=O)[O-])C(=O)O,-317,-0.317,
83,,,2,(NZ)-N-[(5-nitrofuran-2-yl)methylidene]hydroxylamine,C1=C(OC(=C1)[N+](=O)[O-])/C=N\O,-253,-0.253,
84,,,3,2-(methoxymethyl)-5-nitrofuran,COCC1=CC=C(O1)[N+](=O)[O-],-338,-0.338,
85,,,4,[(E)-(5-nitrofuran-2-yl)methylideneamino]urea,C1=C(OC(=C1)[N+](=O)[O-])/C=N/NC(=O)N,-257,-0.257,
86,,,5,"1-[(E)-(5-nitrofuran-2-yl)methylideneamino]imidazolidine-2,4-dione",C1C(=O)NC(=O)N1/N=C/C2=CC=C(O2)[N+](=O)[O-],-264,-0.264,
87,,,6,2-(4-methylpiperazin-1-yl)-N-[(E)-(5-nitrofuran-2-yl)methylideneamino]acetamide,CN1CCN(CC1)CC(=O)N/N=C/C2=CC=C(O2)[N+](=O)[O-],-214,-0.214,
88,,,7,2-[2-(5-nitrofuran-2-yl)ethenyl]quinoline,C1=CC=C2C(=C1)C=CC(=N2)C=CC3=CC=C(O3)[N+](=O)[O-],-276,-0.276,
89,,,8,"2-[4-(5-nitrofuran-2-yl)buta-1,3-dienyl]quinoline",C1=CC=C2C(=C1)C=CC(=N2)C=CC=CC3=CC=C(O3)[N+](=O)[O-],-265,-0.265,
90,,,9,2-(furan-2-yl)-3-(5-nitrofuran-2-yl)prop-2-enamide,C1=COC(=C1)C(=CC2=CC=C(O2)[N+](=O)[O-])C(=O)N,-242,-0.242,
91,,,10,2-(furan-2-yl)-3-(5-nitrofuran-2-yl)prop-2-enamide,C1=COC(=C1)C(=CC2=CC=C(O2)[N+](=O)[O-])C(=O)N,-276,-0.276,
92,,,11,N-butyl-5-nitrofuran-2-carboxamide,CCCCNC(=O)C1=CC=C(O1)[N+](=O)[O-],-230,-0.23,
93,,3. 2-Nitroimidazole,1,2-nitro-1H-imidazole,C1=CN=C(N1)[N+](=O)[O-],-418,-0.418,
94,,,2,"2,4-dinitro-1H-pyrrole",C1=C(NC=C1[N+](=O)[O-])[N+](=O)[O-],-445,-0.445,
95,,,3,(2-nitro-1H-imidazol-5-yl)methanamine,C1=C(NC(=N1)[N+](=O)[O-])CN,-267,-0.267,
96,,,4,2-nitro-1H-imidazole-5-carbaldehyde,C1=C(NC(=N1)[N+](=O)[O-])C=O,-243,-0.243,
97,,,5,3-methyl-2-nitroimidazole-4-carboxylate,CN1C(=CN=C1[N+](=O)[O-])C(=O)[O-],-385,-0.385,
98,,,6,3-methyl-2-nitroimidazole-4-carboxamide,CN1C(=CN=C1[N+](=O)[O-])C(=O)N,-321,-0.321,
99,,,7,(3-methyl-2-nitroimidazol-4-yl)methanol,CN1C(=CN=C1[N+](=O)[O-])CO,-400,-0.4,
100,,,8,5-ethenyl-1-methyl-2-nitroimidazole,CN1C(=CN=C1[N+](=O)[O-])C=C,-392,-0.392,
101,,,9,methyl 3-methyl-2-nitroimidazole-4-carboxylate,CN1C(=CN=C1[N+](=O)[O-])C(=O)OC,-300,-0.3,
102,,,10,N-methyl-1-(3-methyl-2-nitroimidazol-4-yl)methanimine oxide,CN1C(=CN=C1[N+](=O)[O-])C=[N+](C)[O-],-282,-0.282,
103,,,11,"1-(3-methyl-2-nitroimidazol-4-yl)ethane-1,2-diol",CN1C(=CN=C1[N+](=O)[O-])C(CO)O,-396,-0.396,
104,,,12,1-methyl-2-nitro-5-propan-2-ylimidazole,CC(C)C1=CN=C(N1C)[N+](=O)[O-],-439,-0.439,
105,,,13,2-(3-methyl-2-nitroimidazol-4-yl)propan-2-ol,CC(C)(C1=CN=C(N1C)[N+](=O)[O-])O,-412,-0.412,
106,,,14,N-methyl-N-[(3-methyl-2-nitroimidazol-4-yl)methylideneamino]methanamine,CN1C(=CN=C1[N+](=O)[O-])C=NN(C)C,-386,-0.386,
107,,,15,,C1(=CN=C([N]1C)[N+](=O)[O-])C=C(C#N)C#N,-240,-0.24,
108,,,16,,C1(=CN=C([N]1C)[N+](=O)[O-])C(OC(C)=O)OC(C)=O,350,0.35,
109,,,17,1-(3-methyl-2-nitroimidazol-4-yl)-N-morpholin-4-ylmethanimine,CN1C(=CN=C1[N+](=O)[O-])C=NN2CCOCC2,-366,-0.366,
110,,,18,,C1(=CN=C([N]1C)[N+](=O)[O-])C(=NN2CCNCC2)[H],-354,-0.354,
111,,,19,,C1(=CN=C([N]1C)[N+](=O)[O-])C(=NN2CCCCC2)[H],-376,-0.376,
112,,,20,2-(2-nitroimidazol-1-yl)acetic acid,C1=CN(C(=N1)[N+](=O)[O-])CC(=O)O,-447,-0.447,
113,,,21,2-(2-nitroimidazol-1-yl)ethanol,C1=CN(C(=N1)[N+](=O)[O-])CCO,-398,-0.398,
114,,,22,"2-(2,4-dinitroimidazol-1-yl)ethanol",C1=C(N=C(N1CCO)[N+](=O)[O-])[N+](=O)[O-],-238,-0.238,
115,,,23,2-(5-methyl-2-nitroimidazol-1-yl)ethanol,CC1=CN=C(N1CCO)[N+](=O)[O-],-423,-0.423,
116,,,24,1-(2-nitroimidazol-1-yl)propan-2-one,CC(=O)CN1C=CN=C1[N+](=O)[O-],-358,-0.358,
117,,,25,methyl 2-(2-nitroimidazol-1-yl)acetate,COC(=O)CN1C=CN=C1[N+](=O)[O-],355,0.355,
118,,,26,1-chloro-3-(2-nitroimidazol-1-yl)propan-2-ol,C1=CN(C(=N1)[N+](=O)[O-])CC(CCl)O,-384,-0.384,
119,,,27,1-fluoro-3-(2-nitroimidazol-1-yl)propan-2-ol,C1=CN(C(=N1)[N+](=O)[O-])CC(CF)O,-383,-0.383,
120,,,28,1-(2-methoxyethyl)-2-nitroimidazole,COCCN1C=CN=C1[N+](=O)[O-],-393,-0.393,
121,,,29,"3-(2-nitroimidazol-1-yl)propane-1,2-diol",C1=CN(C(=N1)[N+](=O)[O-])CC(CO)O,-389,-0.389,
122,,,30,1-(2-methylsulfonylethyl)-2-nitroimidazole,CS(=O)(=O)CCN1C=CN=C1[N+](=O)[O-],-368,-0.368,
123,,,31,,C1=CN=C([N]1CCOC(C)=O)[N+](=O)[O-],-420,-0.42,
124,,,32,2-(2-nitroimidazol-1-yl)-N-propylacetamide,CCCNC(=O)CN1C=CN=C1[N+](=O)[O-],-388,-0.388,
125,,,33,ethyl 2-(2-nitroimidazol-1-yl)acetate,CCOC(=O)CN1C=CN=C1[N+](=O)[O-],-388,-0.388,
126,,,34,1-(2-ethoxyethyl)-2-nitroimidazole,CCOCCN1C=CN=C1[N+](=O)[O-],-400,-0.4,
127,,,35,1-(2-nitroimidazol-1-yl)pentan-2-ol,CCCC(CN1C=CN=C1[N+](=O)[O-])O,-389,-0.389,
128,,,36,1-(2-ethylsulfonylethyl)-2-nitroimidazole,CCS(=O)(=O)CCN1C=CN=C1[N+](=O)[O-],-368,-0.368,
129,,,37,"N-(2,3-dihydroxypropyl)-2-(2-nitroimidazol-1-yl)acetamide",C1=CN(C(=N1)[N+](=O)[O-])CC(=O)NCC(CO)O,-392,-0.392,
130,,,38,1-(2-nitroimidazol-1-yl)-3-prop-2-enoxypropan-2-ol,C=CCOCC(CN1C=CN=C1[N+](=O)[O-])O,-391,-0.391,
131,,,39,"N,N-bis(2-hydroxyethyl)-2-(2-nitroimidazol-1-yl)acetamide",C1=CN(C(=N1)[N+](=O)[O-])CC(=O)N(CCO)CCO,-398,-0.398,
132,,,40,2-nitro-1-(2-phenoxyethyl)imidazole,C1=CC=C(C=C1)OCCN2C=CN=C2[N+](=O)[O-],-391,-0.391,
133,,,41,1-[2-(benzenesulfonyl)ethyl]-2-nitroimidazole,C1=CC=C(C=C1)S(=O)(=O)CCN2C=CN=C2[N+](=O)[O-],-367,-0.367,
134,,,42,N-benzyl-2-(2-nitroimidazol-1-yl)acetamide,C1=CC=C(C=C1)CNC(=O)CN2C=CN=C2[N+](=O)[O-],-380,-0.38,
135,,,43,2-nitro-1-(3-phenoxypropyl)imidazole,C1=CC=C(C=C1)OCCCN2C=CN=C2[N+](=O)[O-],-409,-0.409,
136,,,44,,C1=CN=C([N]1CC(COC(CCl)COC(C)C)O)[N+](=O)[O-],-395,-0.395,
137,,,45,4-[2-(5-nitroimidazol-1-yl)ethyl]morpholine,C1COCCN1CCN2C=NC=C2[N+](=O)[O-],-390,-0.39,
138,,,46,,C1=CN=C([N]1CC[N+]2(CCOCC2)C)[N+](=O)O[H],-318,-0.318,
139,,,47,,C1=CN=C([N]1CCCN2CCOCC2)[N+](=O)[O-],-386,-0.386,
140,,,48,4-[4-(2-nitroimidazol-1-yl)butyl]morpholine,C1COCCN1CCCCN2C=CN=C2[N+](=O)[O-],-396,-0.396,
141,,,49,,C1=CN=C([N]1CCCC[N+]2(CCOCC2)C)[N+](=O)O[H],-379,-0.379,
142,,,50,4-[5-(2-nitroimidazol-1-yl)pentyl]morpholine,C1COCCN1CCCCCN2C=CN=C2[N+](=O)[O-],-399,-0.399,
143,,,51,4-[6-(2-nitroimidazol-1-yl)hexyl]morpholine,C1COCCN1CCCCCCN2C=CN=C2[N+](=O)[O-],-379,-0.379,
144,,,52,4-[8-(2-nitroimidazol-1-yl)octyl]morpholine,C1COCCN1CCCCCCCCN2C=CN=C2[N+](=O)[O-],-388,-0.388,
145,,,53,4-[11-(2-nitroimidazol-1-yl)undecyl]morpholine,C1COCCN1CCCCCCCCCCCN2C=CN=C2[N+](=O)[O-],-403,-0.403,
146,,,54,,C1=CN=C([N+](=O)[O-])[N]1CCN2CCCC2,-334,-0.334,
147,,,55,2-nitro-1-(4-pyrrolidin-1-ylbutyl)imidazole,C1CCN(C1)CCCCN2C=CN=C2[N+](=O)[O-],-389,-0.389,
148,,,56,1-[2-(2-nitroimidazol-1-yl)ethyl]piperidine,C1CCN(CC1)CCN2C=CN=C2[N+](=O)[O-],-325,-0.325,
149,,,57,,C1=CN=C([N]1CCCN2CCCCC2)[N+](=O)[O-],-353,-0.353,
150,,,58,1-[4-(2-nitroimidazol-1-yl)butyl]piperidine,C1CCN(CC1)CCCCN2C=CN=C2[N+](=O)[O-],-386,-0.386,
151,,,59,,O=[N](=O)C1=NC=C[N]1CCNC2CCNCC2,-399,-0.399,
152,,,60,,O=[N](=O)C1=NC=C[N]1CCNC2=NC=CC=C2,-395,-0.395,
153,,,61,,O=[N](=O)C1=NC=C[N]1CCNC2=CC=CC=C2,-398,-0.398,
154,,,62,,CC(C)N(CC[N]1C=CN=C1([N+]([O-])=O)C(C)C,-272,-0.272,
155,,,63,1-(aziridin-1-yl)-3-(2-nitroimidazol-1-yl)propan-2-ol,O=[N](=O)C1=NC=C[N]1CC(O)CN2CC2,-398,-0.398,
156,,,64,1-(dimethylamino)-3-(2-nitroimidazol-1-yl)propan-2-ol,CN(C)CC(CN1C=CN=C1[N+](=O)[O-])O,-351,-0.351,
157,,,65,1-(diethylamino)-3-(2-nitroimidazol-1-yl)propan-2-ol,CCN(CC)CC(CN1C=CN=C1[N+](=O)[O-])O,-349,-0.349,
158,,,66,1-[bis(2-hydroxyethyl)amino]-3-(2-nitroimidazol-1-yl)propan-2-ol,C1=CN(C(=N1)[N+](=O)[O-])CC(CN(CCO)CCO)O,-369,-0.369,
159,,,67,,CC(C)(C)CN(CC(O)C[N]1C=CN=C1([N+]([O-])=O)C(C)(C)C,-348,-0.348,
160,,,68,1-(benzylamino)-3-(2-nitroimidazol-1-yl)propan-2-ol,C1=CC=C(C=C1)CNCC(CN2C=CN=C2[N+](=O)[O-])O,-353,-0.353,
161,,,69,1-(4-methoxyanilino)-3-(2-nitroimidazol-1-yl)propan-2-ol  ,COC1=CC=C(C=C1)NCC(CN2C=CN=C2[N+](=O)[O-])O,-391,-0.391,
162,,,70,,COC1=CC=C(C=C1)CNCC(O)C[N]2C=CN=C2[N](=O)=O,-350,-0.35,
163,,,71,"1-[(1-hydroxy-2,2,6,6-tetramethylpiperidin-4-yl)amino]-3-(2-nitroimidazol-1-yl)propan-2-ol",CC1(CC(CC(N1O)(C)C)NCC(CN2C=CN=C2[N+](=O)[O-])O)C,-355,-0.355,
164,,,72,"1-(2-nitroimidazol-1-yl)-3-[(2,2,6,6-tetramethylpiperidin-4-yl)amino]propan-2-ol",CC1(CC(CC(N1)(C)C)NCC(CN2C=CN=C2[N+](=O)[O-])O)C,-361,-0.361,
165,,,73,1-(diethylamino)-3-(2-nitroimidazol-1-yl)propan-2-ol,CCN(CC)CC(CN1C=CN=C1[N+](=O)[O-])O,-352,-0.352,
166,,,74,1-(2-nitroimidazol-1-yl)-3-piperidin-1-ylpropan-2-ol,C1CCN(CC1)CC(CN2C=CN=C2[N+](=O)[O-])O,-346,-0.346,
167,,,75,1-[2-hydroxy-3-(2-nitroimidazol-1-yl)propyl]piperidin-3-ol,C1CC(CN(C1)CC(CN2C=CN=C2[N+](=O)[O-])O)O,-357,-0.357,
168,,,76,1-morpholin-4-yl-3-(2-nitroimidazol-1-yl)propan-2-ol,C1COCCN1CC(CN2C=CN=C2[N+](=O)[O-])O,-380,-0.38,
169,,,77,1-(4-methylpiperazin-1-yl)-3-(2-nitroimidazol-1-yl)propan-2-ol,CN1CCN(CC1)CC(CN2C=CN=C2[N+](=O)[O-])O,-370,-0.37,
170,,4. 4-Nitroimidazole,1,5-nitro-1H-imidazole,C1=C(NC=N1)[N+](=O)[O-],<=-527,≤-0.527,
171,,,2,4-iodo-5-nitro-1H-imidazole,C1=NC(=C(N1)[N+](=O)[O-])I,-503,-0.503,
172,,,3,"1,2-dimethyl-4-nitroimidazole",CC1=NC(=CN1C)[N+](=O)[O-],-542,-0.542,
173,,,4,5-bromo-1-methyl-4-nitroimidazole,CN1C=NC(=C1Br)[N+](=O)[O-],-523,-0.523,
174,,,5,5-chloro-1-methyl-4-nitroimidazole,CN1C=NC(=C1Cl)[N+](=O)[O-],~-517,~-0.517,
175,,,6,5-iodo-1-methyl-4-nitroimidazole,CN1C=NC(=C1I)[N+](=O)[O-],-529,-0.529,
176,,,7,3-methyl-5-nitroimidazole-4-thiol,CN1C=NC(=C1S)[N+](=O)[O-],-538,-0.538,
177,,,8,3-methyl-5-nitroimidazole-4-sulfonamide,CN1C=NC(=C1S(=O)(=O)N)[N+](=O)[O-],-395,-0.395,
178,,,9,1-methyl-5-methylsulfonyl-4-nitroimidazole,CN1C=NC(=C1S(=O)(=O)C)[N+](=O)[O-],-355,-0.355,
179,,,10,2-(3-methyl-5-nitroimidazol-4-yl)sulfanylacetic acid,CN1C=NC(=C1SCC(=O)O)[N+](=O)[O-],-545,-0.545,
180,,,11,"N,N,3-trimethyl-5-nitroimidazole-4-sulfonamide",CN1C=NC(=C1S(=O)(=O)N(C)C)[N+](=O)[O-],-409,-0.409,
181,,,12,N-(3-methyl-5-nitroimidazol-4-yl)sulfonylacetamide,CC(=O)NS(=O)(=O)C1=C(N=CN1C)[N+](=O)[O-],-523,-0.523,
182,,,13,,CN(C)CN[S](=O)(=O)C1=C([N+]([O-])=O)N=C[N]1C,-402,-0.402,
183,,,14,4-(3-methyl-5-nitroimidazol-4-yl)sulfonylmorpholine,CN1C=NC(=C1S(=O)(=O)N2CCOCC2)[N+](=O)[O-],-406,-0.406,
184,,,15,3-methyl-N-(morpholin-4-ylmethyl)-5-nitroimidazole-4-sulfonamide,CN1C=NC(=C1S(=O)(=O)NCN2CCOCC2)[N+](=O)[O-],-394,-0.394,
185,,,16,1-methyl-4-nitro-5-phenoxyimidazole,CN1C=NC(=C1OC2=CC=CC=C2)[N+](=O)[O-],-560,-0.56,
186,,,17,4-(3-methyl-5-nitroimidazol-4-yl)oxyphenol,CN1C=NC(=C1OC2=CC=C(C=C2)O)[N+](=O)[O-],-565,-0.565,
187,,,18,5-(benzenesulfonyl)-1-methyl-4-nitroimidazole,CN1C=NC(=C1S(=O)(=O)C2=CC=CC=C2)[N+],-376,-0.376,
188,,,19,phenyl 3-methyl-5-nitroimidazole-4-sulfonate,CN1C=NC(=C1S(=O)(=O)OC2=CC=CC=C2)[N+](=O)[O-],-342,-0.342,
189,,,20,(4-chlorophenyl) 3-methyl-5-nitroimidazole-4-sulfonate,CN1C=NC(=C1S(=O)(=O)OC2=CC=C(C=C2)Cl)[N+](=O)[O-],-345,-0.345,
190,,,21,(4-nitrophenyl) 3-methyl-5-nitroimidazole-4-sulfonate  ,CN1C=NC(=C1S(=O)(=O)OC2=CC=C(C=C2)[N+](=O)[O-])[N+](=O)[O-],-302,-0.302,
191,,,22,3-methyl-5-nitro-N-phenylimidazole-4-sulfonamide,CN1C=NC(=C1S(=O)(=O)NC2=CC=CC=C2)[N+](=O)[O-],-398,-0.398,
192,,,23,N-(2-chlorophenyl)-3-methyl-5-nitroimidazole-4-sulfonamide,CN1C=NC(=C1S(=O)(=O)NC2=CC=CC=C2Cl)[N+](=O)[O-],-444,-0.444,
193,,,24,3-methyl-N-(2-methylphenyl)-5-nitroimidazole-4-sulfonamide,CC1=CC=CC=C1NS(=O)(=O)C2=C(N=CN2C)[N+](=O)[O-],-426,-0.426,
194,,,25,(2-methoxyphenyl) 3-methyl-5-nitroimidazole-4-sulfonate,CN1C=NC(=C1S(=O)(=O)OC2=CC=CC=C2OC)[N+](=O)[O-],-365,-0.365,
195,,,26,(4-methoxyphenyl) 3-methyl-5-nitroimidazole-4-sulfonate,CN1C=NC(=C1S(=O)(=O)OC2=CC=C(C=C2)OC)[N+](=O)[O-],-335,-0.335,
196,,,27,N-(2-methoxyphenyl)-3-methyl-5-nitroimidazole-4-sulfonamide,CN1C=NC(=C1S(=O)(=O)NC2=CC=CC=C2OC)[N+](=O)[O-],-408,-0.408,
197,,,28,6-(4-methyl-2-nitroimidazol-1-yl)sulfanyl-7H-purin-2-amine,CC1=CN(C(=N1)[N+](=O)[O-])SC2=NC(=NC3=C2NC=N3)N,-490,-0.49,
198,,,29,6-(3-methyl-5-nitroimidazol-4-yl)sulfanyl-9-(2-methylpropyl)purin-2-amine,CC(C)CN1C=NC2=C1N=C(N=C2SC3=C(N=CN3C)[N+](=O)[O-])N,-503,-0.503,
199,,,30,naphthalen-1-yl 3-methyl-5-nitroimidazole-4-sulfonate,CN1C=NC(=C1S(=O)(=O)OC2=CC=CC3=CC=CC=C32)[N+](=O)[O-],-340,-0.34,
200,,,31,3-methyl-N-naphthalen-1-yl-5-nitroimidazole-4-sulfonamide,CN1C=NC(=C1S(=O)(=O)NC2=CC=CC3=CC=CC=C32)[N+](=O)[O-]  ,-453,-0.453,
201,,,32,2-bromo-1-methyl-4-nitroimidazole,CN1C=C(N=C1Br)[N+](=O)[O-],-515,-0.515,
202,,,33,2-iodo-1-methyl-4-nitroimidazole,CN1C=C(N=C1I)[N+](=O)[O-],-521,-0.521,
203,,,34,"1-methyl-2,4-dinitroimidazole",CN1C=C(N=C1[N+](=O)[O-])[N+](=O)[O-],-243,-0.243,
204,,,35,1-methyl-2-methylsulfonyl-4-nitroimidazole  ,CN1C=C(N=C1S(=O)(=O)C)[N+](=O)[O-],-446,-0.446,
205,,,36,"3-(5-iodo-4-nitroimidazol-1-yl)propane-1,2-diol",C1=NC(=C(N1CC(CO)O)I)[N+](=O)[O-],-512,-0.512,
206,,,37,ethyl 2-(5-iodo-4-nitroimidazol-1-yl)acetate,CCOC(=O)CN1C=NC(=C1I)[N+](=O)[O-],-436,-0.436,
207,,,38,1-(5-iodo-4-nitroimidazol-1-yl)-3-methoxypropan-2-ol,COCC(CN1C=NC(=C1I)[N+](=O)[O-])O,-497,-0.497,
208,,,39,1-methoxy-3-(2-methyl-4-nitroimidazol-1-yl)propan-2-ol,CC1=NC(=CN1CC(COC)O)[N+](=O)[O-],-564,-0.564,
209,,,40,4-[2-(4-nitroimidazol-1-yl)ethyl]morpholine,C1COCCN1CCN2C=C(N=C2)[N+](=O)[O-],-554,-0.554,
210,,,41,2-(5-iodo-4-nitroimidazol-1-yl)-N-[(1-oxidopyridin-1-ium-3-yl)methyl]acetamide,C1=CC(=C[N+](=C1)[O-])CNC(=O)CN2C=NC(=C2I)[N+](=O)[O-],-465,-0.465,
211,,,42,,CN1C=NC([N]([O-])=O)C1=O,-439,-0.439,
212,,,43,"7-nitro-2,3-dihydroimidazo[5,1-b][1,3]thiazole 1,1-dioxide",C1CS(=O)(=O)C2=C(N=CN21)[N+](=O)[O-],-335,-0.335,
213,,,44,1-methyl-4-nitro-5-phenylsulfanylimidazole,CN1C=NC(=C1SC2=CC=CC=C2)[N+](=O)[O-],-501,-0.501,
214,,5. 5-Nitroimidazole,1,4-bromo-1-methyl-5-nitroimidazole,CN1C=NC(=C1[N+](=O)[O-])Br,-460,-0.46,
215,,,2,4-iodo-1-methyl-5-nitroimidazole,CN1C=NC(=C1[N+](=O)[O-])I,-461,-0.461,
216,,,3,4-(1-methyl-5-nitroimidazol-4-yl)sulfonylmorpholine,CN1C=NC(=C1[N+](=O)[O-])S(=O)(=O)N2CCOCC2,-334,-0.334,
217,,,4,1-methyl-5-nitroimidazole-4-sulfonamide,CN1C=NC(=C1[N+](=O)[O-])S(=O)(=O)N,-336,-0.336,
218,,,5,4-(benzenesulfonyl)-1-methyl-5-nitroimidazole,CN1C=NC(=C1[N+](=O)[O-])S(=O)(=O)C2=CC=CC=C2,-324,-0.324,
219,,,6,phenyl 1-methyl-5-nitroimidazole-4-sulfonate,CN1C=NC(=C1[N+](=O)[O-])S(=O)(=O)OC2=CC=CC=C2,-259,-0.259,
220,,,7,2-iodo-1-methyl-5-nitroimidazole,CN1C(=CN=C1I)[N+](=O)[O-],-454,-0.454,
221,,,8,"1-methyl-2,5-dinitroimidazole",CN1C(=CN=C1[N+](=O)[O-])[N+](=O)[O-],-178,-0.178,
222,,,9,1-methyl-5-nitroimidazole-2-carbaldehyde,CN1C(=CN=C1C=O)[N+](=O)[O-],-360,-0.36,
223,,,10,"1,2-dimethyl-5-nitroimidazole",CC1=NC=C(N1C)[N+](=O)[O-],-475,-0.475,
224,,,11,,COSC1=NC=C([N+]([O-])=O)[N]1C,-361,-0.361,
225,,,12,1-methyl-2-methylsulfonyl-5-nitroimidazole,CN1C(=CN=C1S(=O)(=O)C)[N+](=O)[O-],-351,-0.351,
226,,,13,4-[2-(1-methyl-5-nitroimidazol-2-yl)sulfanylethoxy]benzoic acid,CN1C(=CN=C1SCCOC2=CC=C(C=C2)C(=O)O)[N+](=O)[O-],-481,-0.481,
227,,,14,,CC1=NC=C([N+](=O)[O-])[N]1CCO[P-](=O)(=O)[O-],-509,-0.509,
228,,,15,2-(2-methyl-5-nitroimidazol-1-yl)ethanol,CC1=NC=C(N1CCO)[N+](=O)[O-],-486,-0.486,
229,,,16,1-chloro-3-(2-methyl-5-nitroimidazol-1-yl)propan-2-ol,CC1=NC=C(N1CC(CCl)O)[N+](=O)[O-],-467,-0.467,
230,,,17,ethyl 2-(4-iodo-5-nitroimidazol-1-yl)acetate,CCOC(=O)CN1C=NC(=C1[N+](=O)[O-])I,-475,-0.475,
231,,,18,1-(4-iodo-5-nitroimidazol-1-yl)-3-methoxypropan-2-ol,COCC(CN1C=NC(=C1[N+](=O)[O-])I)O,-441,-0.441,
232,,,19,2-(2-methyl-5-nitroimidazol-1-yl)ethylcarbamothioic S-acid,CC1=NC=C(N1CCNC(=O)S)[N+](=O)[O-],-498,-0.498,
233,,,20,1-methoxy-3-(2-methyl-5-nitroimidazol-1-yl)propan-2-ol,CC1=NC=C(N1CC(COC)O)[N+](=O)[O-]  ,-479,-0.479,
234,,,21,1-(2-ethylsulfonylethyl)-2-methyl-5-nitroimidazole,CCS(=O)(=O)CCN1C(=NC=C1[N+](=O)[O-])C,-464,-0.464,
235,,,22,4-[2-(2-methyl-5-nitroimidazol-1-yl)ethyl]morpholine,CC1=NC=C(N1CCN2CCOCC2)[N+](=O)[O-],-457,-0.457,
236,,,23,,,-448,-0.448,
237,,,24,"5-nitro-2,3-dihydroimidazo[2,1-b][1,3]thiazole",C1CSC2=NC=C(N21)[N+](=O)[O-],-467,-0.467,
238,,,25,"5-nitro-2,3-dihydroimidazo[2,1-b][1,3]thiazole 1,1-dioxide",C1CS(=O)(=O)C2=NC=C(N21)[N+](=O)[O-],-342,-0.342,
239,,6. Nitroazaindole,1,"1-methyl-3-nitropyrrolo[2,3-b]pyridine",CN1C=C(C2=C1N=CC=C2)[N+](=O)[O-],-566,-0.566,
240,,,2,"1-(2-bromoethyl)-3-nitropyrrolo[2,3-b]pyridine",C1=CC2=C(N=C1)N(C=C2[N+](=O)[O-])CCBr,-605,-0.605,
241,,,3,"3-(3-nitropyrrolo[2,3-b]pyridin-1-yl)propane-1,2-diol",C1=CC2=C(N=C1)N(C=C2[N+](=O)[O-])CC(CO)O,-607,-0.607,
242,,,4,"N-(2-hydroxyethyl)-2-(3-nitropyrrolo[2,3-b]pyridin-1-yl)acetamide",C1=CC2=C(N=C1)N(C=C2[N+](=O)[O-])CC(=O)NCCO,-546,-0.546,
243,,,5,"N-(3-morpholin-4-ylpropyl)-2-(3-nitropyrrolo[2,3-b]pyridin-1-yl)acetamide",C1COCCN1CCCNC(=O)CN2C=C(C3=C2N=CC=C3)[N+](=O)[O-],-532,-0.532,
244,,,6,,CCOC(=O)C[N]1C=CC=C2C(=CN=C12)[N+](=O)[O-],-616,-0.616,
245,,,7,,O=C(C[N]1C=CC=C2C(=CN=C12)[N](=O)=O)NCCCN3CCOCC3,-632,-0.632,
246,,,8,,CCOC(=O)C[N+]2=C1[N](C=C(C1=CC=C2)[N+](=O)[O-])[H],-626,-0.626,
247,,7. Nitroacridine,1,"1-(diethylamino)-3-[(2,3-dimethoxy-6-nitroacridin-9-yl)amino]propan-2-ol",CCN(CC)CC(CNC1=C2C=CC(=CC2=NC3=CC(=C(C=C31)OC)OC)[N+](=O)[O-])O,-260,-0.26,
248,,,2,"N',N'-dimethyl-N-(1-nitroacridin-9-yl)propane-1,3-diamine",CN(C)CCCNC1=C2C(=NC3=CC=CC=C31)C=CC=C2[N+](=O)[O-],-275,-0.275,
249,,,3,"N-(4-chloro-1-nitroacridin-9-yl)-N',N'-dimethylpropane-1,3-diamine",CN(C)CCCNC1=C2C(=CC=C(C2=NC3=CC=CC=C31)Cl)[N+](=O)[O-],-325,-0.325,
250,,,4,"N-(4-fluoro-1-nitroacridin-9-yl)-N',N'-dimethylpropane-1,3-diamine",CN(C)CCCNC1=C2C(=CC=C(C2=NC3=CC=CC=C31)F)[N+](=O)[O-],-354,-0.354,
251,,,5,"N',N'-dimethyl-N-(4-methyl-1-nitroacridin-9-yl)propane-1,3-diamine",CC1=CC=C(C2=C(C3=CC=CC=C3N=C12)NCCCN(C)C)[N+](=O)[O-],-321,-0.321,
252,,,6,"N-(4-methoxy-1-nitroacridin-9-yl)-N',N'-dimethylpropane-1,3-diamine",CN(C)CCCNC1=C2C(=CC=C(C2=NC3=CC=CC=C31)OC)[N+](=O)[O-],-361,-0.361,
253,,,7,methyl 9-[3-(dimethylamino)propylamino]-1-nitroacridine-4-carboxylate,CN(C)CCCNC1=C2C(=CC=C(C2=NC3=CC=CC=C31)C(=O)OC)[N+](=O)[O-] ,-244,-0.244,
254,,,8,"9-N-[3-(dimethylamino)propyl]-4-N,4-N-dimethyl-1-nitroacridine-4,9-diamine",CN(C)CCCNC1=C2C(=CC=C(C2=NC3=CC=CC=C31)N(C)C)[N+](=O)[O-],-334,-0.334,
255,,,9,2-[2-acetyloxyethyl-[9-[3-(dimethylamino)propylamino]-1-nitroacridin-4-yl]amino]ethyl acetate,CC(=O)OCCN(CCOC(=O)C)C1=CC=C(C2=C(C3=CC=CC=C3N=C12)NCCCN(C)C)[N+](=O)[O-],-314,-0.314,
256,,8. Miscellaneous nitroaryl compound,1,2-nitro-1H-benzimidazole,C1=CC=C2C(=C1)NC(=N2)[N+](=O)[O-],-300,-0.3,
257,,,2,"1,3-dimethyl-8-nitro-7H-purine-2,6-dione",CN1C2=C(C(=O)N(C1=O)C)NC(=N2)[N+](=O)[O-],-494,-0.494,
258,,,3,"1,3,7-trimethyl-8-nitropurine-2,6-dione",CN1C2=C(N=C1[N+](=O)[O-])N(C(=O)N(C2=O)C)C,-205,-0.205,
259,,,4,2-nitro-1-benzofuran,C1=CC=C2C(=C1)C=C(O2)[N+](=O)[O-],-292,-0.292,
260,,,5,2-nitro-1-benzofuran-7-ol,C1=CC2=C(C(=C1)O)OC(=C2)[N+](=O)[O-],-288,-0.288,
261,,,6,7-methoxy-2-nitro-1-benzofuran,COC1=CC=CC2=C1OC(=C2)[N+](=O)[O-],-296,-0.296,
262,,,7,2-nitro-1-benzofuran-5-ol,C1=CC2=C(C=C1O)C=C(O2)[N+](=O)[O-],-285,-0.285,
263,,,8,5-methoxy-2-nitro-1-benzofuran,COC1=CC2=C(C=C1)OC(=C2)[N+](=O)[O-],-292,-0.292,
264,,,9,4-nitropyridine,C1=CN=CC=C1[N+](=O)[O-],-191,-0.191,
265,,,10,2-nitrothiophene,C1=CSC(=C1)[N+](=O)[O-],-395,-0.395,
266,,,11,"5-nitro-1H-pyrimidine-2,4-dione",C1=C(C(=O)NC(=O)N1)[N+](=O)[O-],-527,-0.527,
267,,,12,"6-hydroxy-5-methyl-5-nitro-1,3-diazinane-2,4-dione",CC1(C(NC(=O)NC1=O)O)[N+](=O)[O-],-405,-0.405,
268,,,13,,CCN1CC[N+]2=C1C=CC(=C2)[N+](=O)[O-],-356,-0.356,
269,,,14,,O=[N+]([O-])C1=C[N+]3=C(C=C1)N(C2=CC=CC=C2)CC3,-335,-0.335,
270,3. bipyridinium,"1. unbridged 2,2'-bipyridinium",1,2-pyridin-2-ylpyridine,C1=CC=NC(=C1)C2=CC=CC=N2,-500,-0.5,
271,,,2,1-methyl-2-(1-methylpyridin-1-ium-2-yl)pyridin-1-ium,C[N+]1=CC=CC=C1C2=CC=CC=[N+]2C,-776,-0.776,
272,,,3,3-[2-[1-(3-sulfonatopropyl)pyridin-1-ium-2-yl]pyridin-1-ium-1-yl]propane-1-sulfonate,C1=CC=[N+](C(=C1)C2=CC=CC=[N+]2CCCS(=O)(=O)[O-])CCCS(=O)(=O)[O-],-680,-0.68,
273,,,4,4-methyl-2-(4-methylpyridin-2-yl)pyridine,CC1=CC(=NC=C1)C2=NC=CC(=C2)C,-540,-0.54,
274,,"2. bridged 2,2'",1,"7,10-diazoniatricyclo[8.4.0.02,7]tetradeca-1(14),2,4,6,8,10,12-heptaene",C1=CC=[N+]2C=C[N+]3=CC=CC=C3C2=C1,-270,-0.27,
275,,,2,"8-methyl-7,10-diazoniatricyclo[8.4.0.02,7]tetradeca-1(14),2,4,6,8,10,12-heptaene",CC1=C[N+]2=CC=CC=C2C3=CC=CC=[N+]13,-300,-0.3,
276,,,3,"8-phenyl-7,10-diazoniatricyclo[8.4.0.02,7]tetradeca-1(14),2,4,6,8,10,12-heptaene",C1=CC=C(C=C1)C2=C[N+]3=CC=CC=C3C4=CC=CC=[N+]42,-270,-0.27,
277,,3. bridged - diquat,1,"7,10-diazoniatricyclo[8.4.0.02,7]tetradeca-1(14),2,4,6,10,12-hexaene",C1C[N+]2=CC=CC=C2C3=CC=CC=[N+]31,-358,-0.358,
278,,,2,"6-bromo-7,10-diazoniatricyclo[8.4.0.02,7]tetradeca-1(14),2(7),3,5,10,12-hexaene",C1C[N+]2=C(C=CC=C2Br)C3=CC=CC=[N+]31,-10,-0.01,
279,,,3,,OC2C[N+]1=C(C=CC=C1)C3=[N+]2C=CC=C3,-290,-0.29,
280,,,4,,C1(=C[N+]3=C(C=C1)C2=[N+](C=CC=C2)CC3)C#N,0,0,
281,,,5,,C1=C[N+]3=C(C=C1)C2=[N+](C=CC=C2)CC3,-410,-0.41,
282,,,6,"8-methyl-7,10-diazoniatricyclo[8.4.0.02,7]tetradeca-1(14),2,4,6,10,12-hexaene",CC1C[N+]2=CC=CC=C2C3=CC=CC=[N+]13,-350,-0.35,
283,,,7,,C1(=C[N+]3=C(C=C1)C2=[N+](C=CC=C2)CC3)OC,-450,-0.45,
284,,,8,,C1(=C[N+]3=C(C=C1)C2=[N+](C=CC=C2)CC3)C(=O)OC,-140,-0.14,
285,,,9,,C1=C([N+]3=C(C=C1)C2=[N+](C=CC=C2)CC3)CC,-420,-0.42,
286,,,10,,C1(=C[N+]3=C(C=C1)C2=[N+](C=CC=C2)CC3)OCC,-440,-0.44,
287,,,11,"3,14-dimethyl-7,10-diazoniatricyclo[8.4.0.02,7]tetradeca-1(14),2,4,6,10,12-hexaene",CC1=C2C3=C(C=CC=[N+]3CC[N+]2=CC=C1)C,-580,-0.58,
288,,,12,"4,13-dimethyl-7,10-diazoniatricyclo[8.4.0.02,7]tetradeca-1(10),2(7),3,5,11,13-hexaene",CC1=CC2=[N+](CC[N+]3=C2C=C(C=C3)C)C=C1,-487,-0.487,
289,,,13,"5,12-dimethyl-7,10-diazoniatricyclo[8.4.0.02,7]tetradeca-1(10),2(7),3,5,11,13-hexaene",CC1=C[N+]2=C(C=C1)C3=[N+](CC2)C=C(C=C3)C,-479,-0.479,
290,,,14,,C1=C([N+]3=C(C=C1)C2=[N+](C(=CC=C2)C)CC3)C,-480,-0.48,
291,,,15,,C1=C[N+]3=C(C=C1)C2=[N+](C=CC=C2)C(C3C)C,-350,-0.35,
292,,,16,,C1=C[N+]3=C(C=C1)C2=[N+](C=C(C=C2)OCCC)CC3,-440,-0.44,
293,,,17,,C1(=C[N+]3=C(C=C1C)C2=[N+](C=C(C(=C2)C)C)CC3)C,-613,-0.613,
294,,,18,,C1=C[N+]4=C(C=C1)C2=[N+](C(=CC=C2)C3=CC=CC=C3)CC4,-320,-0.32,
295,,,19,"8-phenyl-7,10-diazoniatricyclo[8.4.0.02,7]tetradeca-1(14),2,4,6,10,12-hexaene",C1C([N+]2=CC=CC=C2C3=CC=CC=[N+]31)C4=CC=CC=C4,-290,-0.29,
296,,4. bridged - triquat,1,"7,11-diazoniatricyclo[9.4.0.02,7]pentadeca-1(15),2,4,6,11,13-hexaene",C1C[N+]2=CC=CC=C2C3=CC=CC=[N+]3C1,-549,-0.549,
297,,,2,,CC2=[N+]1CCC[N+]3=C(C1=CC=C2)C=CC=C3,-590,-0.59,
298,,,3,,COC1=C[N+]3=C(C=C1)C2=[N+](C=CC=C2)CCC3,-630,-0.63,
299,,,4,"4,14-dimethyl-7,11-diazoniatricyclo[9.4.0.02,7]pentadeca-1(11),2(7),3,5,12,14-hexaene",CC1=CC2=[N+](CCC[N+]3=C2C=C(C=C3)C)C=C1,-691,-0.691,
300,,,5,"5,13-dimethyl-7,11-diazoniatricyclo[9.4.0.02,7]pentadeca-1(11),2(7),3,5,12,14-hexaene",CC1=C[N+]2=C(C=C1)C3=[N+](CCC2)C=C(C=C3)C,-671,-0.671,
301,,,6,,CC2=C(C=[N+]1CCC[N+]3=C(C1=C2)C=C(C)C(=C3)C)C,-770,-0.77,
302,,5. bridged - tetraquat,1,"7,12-diazoniatricyclo[10.4.0.02,7]hexadeca-1(16),2,4,6,12,14-hexaene",C1CC[N+]2=CC=CC=C2C3=CC=CC=[N+]3C1,-700,-0.7,
303,,,2,"4,15-dimethyl-7,12-diazoniatricyclo[10.4.0.02,7]hexadeca-1(12),2(7),3,5,13,15-hexaene",CC1=CC2=[N+](CCCC[N+]3=C2C=C(C=C3)C)C=C1,-780,-0.78,
304,,,3,,CC2=C(C=[N+]1CCCC[N+]3=C(C1=C2)C=C(C)C(=C3)C)C,-832,-0.832,
305,,6. miscellaneous,1,"1,10-phenanthroline-1,10-diium",C1=CC2=C(C3=C(C=CC=[NH+]3)C=C2)[NH+]=C1,-540,-0.54,
306,,,2,"1,10-dimethyl-1,10-phenanthroline-1,10-diium",C[N+]1=CC=CC2=C1C3=C(C=CC=[N+]3C)C=C2,-510,-0.51,
307,,,3,"1,4-diazoniatetracyclo[6.6.2.04,16.011,15]hexadeca-1(14),4,6,8(16),9,11(15),12-heptaene",C1C[N+]2=CC=CC3=C2C4=C(C=CC=[N+]41)C=C3,-280,-0.28,
308,,,4,"1,5-diazoniatetracyclo[7.6.2.05,17.012,16]heptadeca-1(15),5,7,9(17),10,12(16),13-heptaene",C1C[N+]2=CC=CC3=C2C4=C(C=CC=[N+]4C1)C=C3,-270,-0.27,
309,,,5,,ClC3=C2C=CC1=CC=C[N+]4=C1C2=[N+](C=C3)CCC4,-110,-0.11,
310,,,6,,CC3=C2C=CC1=CC=C[N+]4=C1C2=[N+](C=C3)CCC4,-220,-0.22,
311,,,7,"8,13-dimethyl-1,5-diazoniatetracyclo[7.6.2.05,17.012,16]heptadeca-1(16),5(17),6,8,10,12,14-heptaene",CC1=C2C=CC3=C(C=C[N+]4=C3C2=[N+](CCC4)C=C1)C,-400,-0.4,
312,,,8,"8,13-diphenyl-1,5-diazoniatetracyclo[7.6.2.05,17.012,16]heptadeca-1(16),5(17),6,8,10,12,14-heptaene",C1C[N+]2=C3C(=C(C=C2)C4=CC=CC=C4)C=CC5=C(C=C[N+](=C53)C1)C6=CC=CC=C6,-310,-0.31,
313,,,9,,C1=C[N+]4=C2C(=C1)C=CC3=C2[N+](=CC=C3)CCCC4,-450,-0.45,
314,,,10,1-methyl-2-(1-methylquinolin-1-ium-2-yl)quinolin-1-ium,C[N+]1=C(C=CC2=CC=CC=C21)C3=[N+](C4=CC=CC=C4C=C3)C,-250,-0.25,
315,,"7. 2,4'",1,1-methyl-2-(1-methylpyridin-1-ium-4-yl)pyridin-1-ium,C[N+]1=CC=C(C=C1)C2=CC=CC=[N+]2C,-640,-0.64,
316,,8. symmetrical,1,4-pyridin-1-ium-4-ylpyridin-1-ium,C1=C[NH+]=CC=C1C2=CC=[NH+]C=C2,-485,-0.485,
317,,,2,1-methyl-4-(1-methylpyridin-1-ium-4-yl)pyridin-1-ium,C[N+]1=CC=C(C=C1)C2=CC=[N+](C=C2)C,-448,-0.448,
318,,,3,1-methoxy-4-(1-methoxypyridin-1-ium-4-yl)pyridin-1-ium,CO[N+]1=CC=C(C=C1)C2=CC=[N+](C=C2)OC,-651,-0.651,
319,,,4,2-[4-[1-(cyanomethyl)pyridin-1-ium-4-yl]pyridin-1-ium-1-yl]acetonitrile,C1=C[N+](=CC=C1C2=CC=[N+](C=C2)CC#N)CC#N,-150,-0.15,
320,,,5,2-[4-[1-(carboxymethyl)pyridin-1-ium-4-yl]pyridin-1-ium-1-yl]acetic acid,C1=C[N+](=CC=C1C2=CC=[N+](C=C2)CC(=O)O)CC(=O)O,-444,-0.444,
321,,,6,,O=[S](=O)([O-])CC[N+]1=CC=C(C=C1)C2=CC=[N+](C=C2)CC[S](=O)(=O)[O-],-360,-0.36,
322,,,7,1-(2-chloroethyl)-4-[1-(2-chloroethyl)pyridin-1-ium-4-yl]pyridin-1-ium,C1=C[N+](=CC=C1C2=CC=[N+](C=C2)CCCl)CCCl,-335,-0.335,
323,,,8,2-[4-[1-(2-amino-2-oxoethyl)pyridin-1-ium-4-yl]pyridin-1-ium-1-yl]acetamide,C1=C[N+](=CC=C1C2=CC=[N+](C=C2)CC(=O)N)CC(=O)N,-296,-0.296,
324,,,9,,O\N=C(\C[N+]1=CC=C(C=C1)C2=CC=[N+](C=C2)C\C(=N\O)[H])[H],-325,-0.325,
325,,,10,1-ethyl-4-(1-ethylpyridin-1-ium-4-yl)pyridin-1-ium,CC[N+]1=CC=C(C=C1)C2=CC=[N+](C=C2)CC,-455,-0.455,
326,,,11,2-[4-[1-(2-hydroxyethyl)pyridin-1-ium-4-yl]pyridin-1-ium-1-yl]ethanol,C1=C[N+](=CC=C1C2=CC=[N+](C=C2)CCO)CCO,-403,-0.403,
327,,,12,2-[4-[1-(2-aminoethyl)pyridin-1-ium-4-yl]pyridin-1-ium-1-yl]ethanamine,C1=C[N+](=CC=C1C2=CC=[N+](C=C2)CCN)CCN,-280,-0.28,
328,,,13,1-prop-2-enyl-4-(1-prop-2-enylpyridin-1-ium-4-yl)pyridin-1-ium,C=CC[N+]1=CC=C(C=C1)C2=CC=[N+](C=C2)CC=C,-435,-0.435,
329,,,14,"1-phenyl-2,3-dihydro-6-nitroimidazo[1,2-a]pyridinium",C1=C(C=[N+]2C(=C1)N(CC2)C3=CC=CC=C3)[N+](=O)[O-],-266,-0.266,
330,,,15,1-prop-2-enyl-4-(1-prop-2-enylpyridin-1-ium-4-yl)pyridin-1-ium,C=CC[N+]1=CC=C(C=C1)C2=CC=[N+](C=C2)CC=C,-408,-0.408,
331,,,16,1-[4-[1-(2-oxopropyl)pyridin-1-ium-4-yl]pyridin-1-ium-1-yl]propan-2-one,CC(=O)C[N+]1=CC=C(C=C1)C2=CC=[N+](C=C2)CC(=O)C,-305,-0.305,
332,,,17,,O=C(CC[N+]1=CC=C(C=C1)C2=CC=[N+](C=C2)CCC(=O)OO)OO,-431,-0.431,
333,,,18,3-[4-[1-(3-sulfonatopropyl)pyridin-1-ium-4-yl]pyridin-1-ium-1-yl]propane-1-sulfonate,C1=C[N+](=CC=C1C2=CC=[N+](C=C2)CCCS(=O)(=O)[O-])CCCS(=O)(=O)[O-],-380,-0.38,
334,,,19,1-propyl-4-(1-propylpyridin-1-ium-4-yl)pyridin-1-ium,CCC[N+]1=CC=C(C=C1)C2=CC=[N+](C=C2)CCC,-438,-0.438,
335,,,20,1-propan-2-yl-4-(1-propan-2-ylpyridin-1-ium-4-yl)pyridin-1-ium,CC(C)[N+]1=CC=C(C=C1)C2=CC=[N+](C=C2)C(C)C,-450,-0.45,
336,,,21,,CCSC[N+]1=CC=C(C=C1)C2=CC=[N+](C=C2)CSCC,-308,-0.308,
337,,,22,,N#CCCC[N+]1=CC=C(C=C1)C2=CC=[N+](C=C2)CCCC#N,-362,-0.362,
338,,,23,ethyl 2-[4-[1-(2-ethoxy-2-oxoethyl)pyridin-1-ium-4-yl]pyridin-1-ium-1-yl]acetate,CCOC(=O)C[N+]1=CC=C(C=C1)C2=CC=[N+](C=C2)CC(=O)OCC,-422,-0.422,
339,,,24,"2-[4-[1-[2-(dimethylamino)-2-oxoethyl]pyridin-1-ium-4-yl]pyridin-1-ium-1-yl]-N,N-dimethylacetamide",CN(C)C(=O)C[N+]1=CC=C(C=C1)C2=CC=[N+](C=C2)CC(=O)N(C)C,-301,-0.301,
340,,,25,,CCOCC[N+]1=CC=C(C=C1)C2=CC=[N+](C=C2)CCOCC,-386,-0.386,
341,,,26,ethyl 3-[4-[1-(3-ethoxy-3-oxopropyl)pyridin-1-ium-4-yl]pyridin-1-ium-1-yl]propanoate,CCOC(=O)CC[N+]1=CC=C(C=C1)C2=CC=[N+](C=C2)CCC(=O)OCC,-376,-0.376,
342,,,27,,CN(C)C(=O)CC[N+]1=CC=C(C=C1)C2=CC=[N+](C=C2)CCC(=O)N(C)C,-385,-0.385,
343,,,28,ethyl 4-[4-[1-(4-ethoxy-4-oxobutyl)pyridin-1-ium-4-yl]pyridin-1-ium-1-yl]butanoate,CCOC(=O)CCC[N+]1=CC=C(C=C1)C2=CC=[N+](C=C2)CCCC(=O)OCC,-433,-0.433,
344,,,29,trimethyl-[2-[4-[1-[2-(trimethylazaniumyl)ethyl]pyridin-1-ium-4-yl]pyridin-1-ium-1-yl]ethyl]azanium,C[N+](C)(C)CC[N+]1=CC=C(C=C1)C2=CC=[N+](C=C2)CC[N+](C)(C)C,-280,-0.28,
345,,,30,1-(4-nitrophenyl)-4-[1-(4-nitrophenyl)pyridin-1-ium-4-yl]pyridin-1-ium,C1=CC(=CC=C1[N+]2=CC=C(C=C2)C3=CC=[N+](C=C3)C4=CC=C(C=C4)[N+](=O)[O-])[N+](=O)[O-],-150,-0.15,
346,,,31,1-phenyl-4-(1-phenylpyridin-1-ium-4-yl)pyridin-1-ium,C1=CC=C(C=C1)[N+]2=CC=C(C=C2)C3=CC=[N+](C=C3)C4=CC=CC=C4,-288,-0.288,
347,,,32,,C1=CN=C(C=C1)C[N+]2=CC=C(C=C2)C3=CC=[N+](C=C3)CC4=NC=CC=C4,-325,-0.325,
348,,,33,"2-[4-[1-[2-(diethylamino)-2-oxoethyl]pyridin-1-ium-4-yl]pyridin-1-ium-1-yl]-N,N-diethylacetamide",CCN(CC)C(=O)C[N+]1=CC=C(C=C1)C2=CC=[N+](C=C2)CC(=O)N(CC)CC,-318,-0.318,
349,,,34,,CN(C)C(=O)CCC[N+]1=CC=C(C=C1)C2=CC=[N+](C=C2)CCCC(=O)N(C)C,-399,-0.399,
350,,,35,1-hexyl-4-(1-hexylpyridin-1-ium-4-yl)pyridin-1-ium,CCCCCC[N+]1=CC=C(C=C1)C2=CC=[N+](C=C2)CCCCCC,-439,-0.439,
351,,,36,,CCOC(C[N+]1=CC=C(C=C1)C2=CC=[N+](C=C2)CC(OCC)OCC)OCC,-373,-0.373,
352,,,37,trimethyl-[3-[4-[1-[3-(trimethylazaniumyl)propyl]pyridin-1-ium-4-yl]pyridin-1-ium-1-yl]propyl]azanium,C[N+](C)(C)CCC[N+]1=CC=C(C=C1)C2=CC=[N+](C=C2)CCC[N+](C)(C)C,-331,-0.331,
353,,,38,,N#CC(C1=CC=CC=C1)[N+]2=CC=C(C=C2)C3=CC=[N+](C=C3)C(C#N)C4=CC=CC=C4,-73,-0.073,
354,,,39,1-benzyl-4-(1-benzylpyridin-1-ium-4-yl)pyridin-1-ium,C1=CC=C(C=C1)C[N+]2=CC=C(C=C2)C3=CC=[N+](C=C3)CC4=CC=CC=C4,-370,-0.37,
355,,,40,1-heptyl-4-(1-heptylpyridin-1-ium-4-yl)pyridin-1-ium,CCCCCCC[N+]1=CC=C(C=C1)C2=CC=[N+](C=C2)CCCCCCC,-356,-0.356,
356,,,41,,C[N+](C)(C)CCCC[N+]1=CC=C(C=C1)C2=CC=[N+](C=C2)CCCC[N+](C)(C)C,-367,-0.367,
357,,,42,,N#CC(C1=CC=CC=C1)[N+]2=CC=C(C=C2)C3=CC=[N+](C=C3)C(C#N)C4=CC=CC=C4,-73,-0.073,38번과 중복
358,,,43,"1-(3,5-dimethylmorpholin-4-yl)-2-[4-[1-[2-(3,5-dimethylmorpholin-4-yl)-2-oxoethyl]pyridin-1-ium-4-yl]pyridin-1-ium-1-yl]ethanone",CC1COCC(N1C(=O)C[N+]2=CC=C(C=C2)C3=CC=[N+](C=C3)CC(=O)N4C(COCC4C)C)C,-291,-0.291,
359,,,44,1-octyl-4-(1-octylpyridin-1-ium-4-yl)pyridin-1-ium,CCCCCCCC[N+]1=CC=C(C=C1)C2=CC=[N+](C=C2)CCCCCCCC,-451,-0.451,
360,,,45,1-octadecyl-4-(1-octadecylpyridin-1-ium-4-yl)pyridin-1-ium,CCCCCCCCCCCCCCCCCC[N+]1=CC=C(C=C1)C2=CC=[N+](C=C2)CCCCCCCCCCCCCCCCCC,-280,-0.28,
361,,,46,ethyl 2-[4-[1-(2-ethoxy-2-oxo-1-phenylethyl)pyridin-1-ium-4-yl]pyridin-1-ium-1-yl]-2-phenylacetate,CCOC(=O)C(C1=CC=CC=C1)[N+]2=CC=C(C=C2)C3=CC=[N+](C=C3)C(C4=CC=CC=C4)C(=O)OCC,-188,-0.188,
362,,,47,,C1=CC9=C(C=C1)C[N+]6=C4[N+](=CC=C5C3=CC=[N+]2CC8=C(C[N+]7=C2C3=C(C(=C45)C=C6)C=C7)C=CC=C8)C9,-139,-0.139,
363,,,48,1-methyl-4-[1-[2-[4-(1-methylpyridin-1-ium-4-yl)pyridin-1-ium-1-yl]ethyl]pyridin-1-ium-4-yl]pyridin-1-ium,C[N+]1=CC=C(C=C1)C2=CC=[N+](C=C2)CC[N+]3=CC=C(C=C3)C4=CC=[N+](C=C4)C,-280,-0.28,
364,,,49,1-methyl-4-[1-[3-[4-(1-methylpyridin-1-ium-4-yl)pyridin-1-ium-1-yl]propyl]pyridin-1-ium-4-yl]pyridin-1-ium,C[N+]1=CC=C(C=C1)C2=CC=[N+](C=C2)CCC[N+]3=CC=C(C=C3)C4=CC=[N+](C=C4)C,-330,-0.33,
365,,,50,1-methyl-4-[1-[4-[4-(1-methylpyridin-1-ium-4-yl)pyridin-1-ium-1-yl]butyl]pyridin-1-ium-4-yl]pyridin-1-ium,C[N+]1=CC=C(C=C1)C2=CC=[N+](C=C2)CCCC[N+]3=CC=C(C=C3)C4=CC=[N+](C=C4)C,-390,-0.39,
366,,"9. sym, with",1,"1,2-dimethyl-4-(1-methylpyridin-1-ium-4-yl)pyridin-1-ium",CC1=[N+](C=CC(=C1)C2=CC=[N+](C=C2)C)C,-500,-0.5,
367,,,2,,CC[N+]1=CC=C(C=C1)C2=CC(=[N+](C=C2)CC)C,-510,-0.51,
368,,,3,,CCC[N+]1=CC=C(C=C1)C2=CC(=[N+](C=C2)CCC)C,-500,-0.5,
369,,,4,4-(2-cyano-1-methylpyridin-1-ium-4-yl)-1-methylpyridin-1-ium-2-carbonitrile,C[N+]1=C(C=C(C=C1)C2=CC(=[N+](C=C2)C)C#N)C#N,90,0.09,
370,,,5,"4-(1,2-dimethylpyridin-1-ium-4-yl)-1,2-dimethylpyridin-1-ium",CC1=[N+](C=CC(=C1)C2=CC(=[N+](C=C2)C)C)C,-552,-0.552,
371,,,6,"4-(1,3-dimethylpyridin-1-ium-4-yl)-1,3-dimethylpyridin-1-ium",CC1=C(C=C[N+](=C1)C)C2=C(C=[N+](C=C2)C)C,-830,-0.83,
372,,,7,"1,2,6-trimethyl-4-(1,2,6-trimethylpyridin-1-ium-4-yl)pyridin-1-ium",CC1=CC(=CC(=[N+]1C)C)C2=CC(=[N+](C(=C2)C)C)C,-640,-0.64,
373,,,8,,C[N+]1=C(C=C(C=C1)C2=CC(=[N+](C=C2)C)C3=CC=CC=C3)C4=CC=CC=C4,-390,-0.39,
374,,,9,,CC1=CC=C(C=C1)C2=[N+](C=CC(=C2)C3=CC(=[N+](C=C3)C)C4=CC=C(C=C4)C)C,-439,-0.439,
375,,,10,,CC1=[N+](C=CC(=C1)C2=CC(=[N+](C=C2)C#N)C)C#N,-140,-0.14,
376,,,11,,CC1=[N+](C=CC(=C1)C2=CC(=[N+](C=C2)CCCl)C)CCCl,-422,-0.422,
377,,,12,2-[4-[1-(2-hydroxyethyl)-2-methylpyridin-1-ium-4-yl]-2-methylpyridin-1-ium-1-yl]ethanol,CC1=[N+](C=CC(=C1)C2=CC(=[N+](C=C2)CCO)C)CCO,-481,-0.481,
378,,,13,,CC(=O)C[N+]1=C(C=C(C=C1)C2=CC(=[N+](C=C2)CC(C)=O)C)C,-356,-0.356,
379,,,14,,CCOC(=O)C[N+]1=C(C=C(C=C1)C2=CC(=[N+](C=C2)CC(=O)OCC)C)C,-323,-0.323,
380,,,15,,CC1=C(C=C[N+](=C1)CCC[S](=O)(=O)[O-])C2=C(C=[N+](C=C2)CCC[S](=O)(=O)[O-])C,-790,-0.79,
381,,,16,,CC1=[N+](C=CC(=C1)C2=CC(=[N+](C=C2)CCC[S](=O)(=O)[O-])C)CCC[S](=O)(=O)[O-],-460,-0.46,
382,,,17,,CC1=[N+](C(=CC(=C1)C2=CC(=[N+](C(=C2)C)CCC[S](=O)(=O)[O-])C)C)CCC[S](=O)(=O)[O-],-540,-0.54,
383,,10. asymmetrical,1,4-(1-methylpyridin-4-ylidene)pyridin-1-ium 1-oxide,C[N+]1=CC=C(C=C1)C2=CC=[N+](C=C2)[O-],-490,-0.49,
384,,,2,,C[N+]1=CC=C(C=C1)C2=CC=[N+](C=C2)CC#N,-287,-0.287,
385,,,3,2-[4-[1-(2-amino-2-oxoethyl)pyridin-1-ium-4-yl]pyridin-1-ium-1-yl]acetamide,C1=C[N+](=CC=C1C2=CC=[N+](C=C2)CC(=O)N)CC(=O)N,-371,-0.371,
386,,,4,2-[4-(1-methylpyridin-1-ium-4-yl)pyridin-1-ium-1-yl]ethanol,C[N+]1=CC=C(C=C1)C2=CC=[N+](C=C2)CCO,-422,-0.422,
387,,,5,1-methyl-4-(1-prop-2-enylpyridin-1-ium-4-yl)pyridin-1-ium,C[N+]1=CC=C(C=C1)C2=CC=[N+](C=C2)CC=C,-426,-0.426,
388,,,6,,COCC[N+]1=CC=C(C=C1)C2=CC=[N+](C=C2)C,-380,-0.38,
389,,,7,,C[N+]1=CC=C(C=C1)C2=CC=[N+](C=C2)C\C(=C(\C#N)[H])[H],-369,-0.369,
390,,,8,,CSC(=C[N+]1=CC=C(C=C1)C2=CC=[N+](C=C2)C)SC,-330,-0.33,
391,,,9,,CCOC(=O)C[N+]1=CC=C(C=C1)C2=CC=[N+](C=C2)C,-362,-0.362,
392,,,10,,CCOC(=O)C(C#N)[N+]1=CC=C(C=C1)C2=CC=[N+](C=C2)C,-287,-0.287,
393,,,11,,COC(=O)\C(=C(\C[N+]1=CC=C(C=C1)C2=CC=[N+](C=C2)C)[H])[H],-381,-0.381,
394,,,12,,C[N+]1=CC=C(C=C1)C2=CC=[N+](C=C2)CC#[S]N=O,-371,-0.371,
395,,,13,1-benzyl-4-(1-methylpyridin-1-ium-4-yl)pyridin-1-ium,C[N+]1=CC=C(C=C1)C2=CC=[N+](C=C2)CC3=CC=CC=C3,-408,-0.408,
396,,,14,,C[N+]1=CC=C(C=C1)C2=CC=[N+](C=C2)CC#[S]NC3=CC=CC=C3,-357,-0.357,
397,,,15,,CC1COCC(C)N1C(=O)C[N+]2=CC=C(C=C2)C3=CC=[N+](C=C3)C,-374,-0.374,
398,,"11. asym, not",1,,CCSCC[N+]1=CC=C(C=C1)C2=CC=[N+](C=C2)CC,-428,-0.428,
399,,,2,,CCC[N+]1=CC=C(C=C1)C2=CC=[N+](C=C2)CCC(=O)OC,-408,-0.408,
400,,,3,,CCCCC[N+]1=CC=C(C=C1)C2=CC=[N+](C=C2)CCO,-438,-0.438,
401,,,4,2-[4-(1-prop-2-enylpyridin-1-ium-4-yl)pyridin-1-ium-1-yl]acetic acid,C=CC[N+]1=CC=C(C=C1)C2=CC=[N+](C=C2)CC(=O)O,-390,-0.39,
402,,,5,,C=CC[N+]1=CC=C(C=C1)C2=CC=[N+](C=C2)CC,-428,-0.428,
403,,,6,,C=CC[N+]1=CC=C(C=C1)C2=CC=[N+](C=C2)CCCC#N,-383,-0.383,
404,,,7,"N,N-diethyl-3-[4-(1-prop-2-enylpyridin-1-ium-4-yl)pyridin-1-ium-1-yl]propanamide",CCN(CC)C(=O)CC[N+]1=CC=C(C=C1)C2=CC=[N+](C=C2)CC=C,-383,-0.383,
405,,,8,,C=CCC[N+]1=CC=C(C=C1)C2=CC=[N+](C=C2)CCCC#N,-394,-0.394,
406,,,9,,C\C(=C(\C[N+]1=CC=C(C=C1)C2=CC=[N+](C=C2)CCCF)[H])[H],-418,-0.418,
407,,,10,,C=C(C)C[N+]1=CC=C(C=C1)C2=CC=[N+](C=C2)CC(N)=O,-336,-0.336,
408,,,11,,C=C(CC)C[N+]1=CC=C(C=C1)C2=CC=[N+](C=C2)CCOC,-396,-0.396,
409,,,12,,COCC[N+]1=CC=C(C=C1)C2=CC=[N+](C=C2)C\C(=C(/C)Cl)[H],-393,-0.393,
410,,12. quaternary,1,"1,10-phenanthroline",C1=CC2=C(C3=C(C=CC=N3)C=C2)N=C1,-470,-0.47,
411,,,2,,C[N+]3=CC2=C1[N+](=CC=CC1=CC=C2C=C3)C,-425,-0.425,
412,,,3,,C[N+]1=CC3=C(C=C1)C2=C[N+](=CC=C2C=C3)C,-440,-0.44,
413,,,4,,C[N+]2=CC1=C3C(=CC=C1C=C2)[N+](=CC=C3)C,-302,-0.302,
414,,,5,"3,8-dimethyl-3,8-phenanthroline-3,8-diium",C[N+]1=CC2=C(C=C1)C3=C(C=C2)C=[N+](C=C3)C,-374,-0.374,
415,,,6,"3,7-dimethyl-3,7-phenanthroline-3,7-diium",C[N+]1=CC2=C(C=C1)C3=C(C=C2)[N+](=CC=C3)C,-405,-0.405,
416,,,7,"4,7-Dimethyl-4,7-phenanthroline-4,7-diium",C[N+]1=CC=CC2=C1C=CC3=C2C=CC=[N+]3C,-268,-0.268,
417,,,8,"9,16-diazoniapentacyclo[12.8.0.02,11.04,9.016,21]docosa-1(22),2,4,6,8,10,12,14,16,18,20-undecaene",C1=CC=[N+]2C=C3C=CC4=C[N+]5=CC=CC=C5C=C4C3=CC2=C1,-272,-0.272,
418,,,9,"4,21-diazoniapentacyclo[12.8.0.02,11.04,9.016,21]docosa-1(22),2,4,6,8,10,12,14,16,18,20-undecaene",C1=CC=[N+]2C=C3C(=CC2=C1)C=CC4=CC5=CC=CC=[N+]5C=C43,-300,-0.3,
419,,,10,"4,16-diazoniapentacyclo[12.8.0.02,11.04,9.016,21]docosa-1(22),2,4,6,8,10,12,14,16,18,20-undecaene",C1=CC=[N+]2C=C3C(=CC2=C1)C=CC4=C[N+]5=CC=CC=C5C=C43,-228,-0.228,
420,4. organic compound,1. aldehyde & ketone,1,formaldehyde,C=O,~-2500,~-2.500,
421,,,2,Hydroxymethyl,[CH2]O,-920,-0.92,
422,,,3,acetaldehyde,CC=O,~-2500,~-2.500,
423,,,4,Hydroxyethyl,C[CH]O,~-1100,~-1.100,
424,,,5,propan-2-one,CC(=O)C,~-2500,~2.500,
425,,,6,propan-2-ol,CC(C)O,~-1800,~1.800,
426,,2. disulfide,1,2-amino-3-[(2-amino-2-carboxyethyl)disulfanyl]propanoic acid,C(C(C(=O)O)N)SSCC(C(=O)O)N,~-1700,~1.700,
427,,,2,2-(2-hydroxyethyldisulfanyl)ethanol,C(CSSCCO)O,-1570,-1.57,
428,,,3,5-(dithiolan-3-yl)pentanamide,C1CSSC1CCCCC(=O)N,-1600,-1.6,
429,,3. amide,1,hydroxyurea,C(=O)(N)NO,-552,-0.552,
430,,,2,4-amino-1H-imidazole-5-carboxamide,C1=NC(=C(N1)C(=O)N)N,-584,-0.584,
431,,,3,4-(dimethylaminodiazenyl)-1H-imidazole-5-carboxamide,CN(C)N=NC1=C(NC=N1)C(=O)N,-571,-0.571,
432,,4. pyridinium,1,1-methylpyridin-1-ium-3-carboxamide,C[N+]1=CC=CC(=C1)C(=O)N,-936,-0.936,
433,,,2,1-methylpyridin-1-ium-4-carboxamide,C[N+]1=CC=C(C=C1)C(=O)N,-770,-0.77,
434,,,3,1-(1-methylpyridin-1-ium-4-yl)ethanone,CC(=O)C1=CC=[N+](C=C1)C,-510,-0.51,
435,,,4,methyl 1-methylpyridin-1-ium-4-carboxylate,C[N+]1=CC=C(C=C1)C(=O)OC,-720,-0.72,
436,,,5,1-ethylpyridin-1-ium-4-carbonitrile,CC[N+]1=CC=C(C=C1)C#N,-626,-0.626,
437,,,6,"[[(2R,3S,4R,5R)-5-(6-aminopurin-9-yl)-3,4-dihydroxyoxolan-2-yl]methoxy-hydroxyphosphoryl] [(2R,3S,4R,5R)-5-(3-carbamoylpyridin-1-ium-1-yl)-3,4-dihydroxyoxolan-2-yl]methyl phosphate",C1=CC(=C[N+](=C1)[C@H]2[C@@H]([C@@H]([C@H](O2)COP(=O)([O-])OP(=O)(O)OC[C@@H]3[C@H]([C@H]([C@@H](O3)N4C=NC5=C(N=CN=C54)N)O)O)O)O)C(=O)N,-930,-0.93,
438,,,7,2-pyridin-2-ylpyridine,C1=CC=NC(=C1)C2=CC=CC=N2,-970,-0.97,
439,,,8,"4,4-dimethyl-2-pyridin-2-yl-3H-pyridine",CC1(CC(=NC=C1)C2=CC=CC=N2)C,-1050,-1.05,
440,,,9,"1,10-phenanthroline",C1=CC2=C(C3=C(C=CC=N3)C=C2)N=C1,-850,-0.85,
441,,5. phenothiazinium,1,(7-aminophenothiazin-3-ylidene)azanium;chloride,C1=CC2=C(C=C1N)SC3=CC(=[NH2+])C=CC3=N2.[Cl-],192-200,0.192-0.2,
442,,,2,[7-(dimethylamino)phenothiazin-3-ylidene]-dimethylazanium;chloride,CN(C)C1=CC2=C(C=C1)N=C3C=CC(=[N+](C)C)C=C3S2.[Cl-],187-197,0.187-0.197,
443,,6. flavin,1,"7,8-dimethyl-10-[(2S,3S,4R)-2,3,4,5-tetrahydroxypentyl]benzo[g]pteridine-2,4-dione",CC1=CC2=C(C=C1C)N(C3=NC(=O)NC(=O)C3=N2)C[C@@H]([C@@H]([C@@H](CO)O)O)O,-292,-0.292,
444,,,2,"[(2R,3S,4S)-5-(7,8-dimethyl-2,4-dioxobenzo[g]pteridin-10-yl)-2,3,4-trihydroxypentyl] dihydrogen phosphate",CC1=CC2=C(C=C1C)N(C3=NC(=O)NC(=O)C3=N2)C[C@@H]([C@@H]([C@@H](COP(=O)(O)O)O)O)O,-313,-0.313,
445,,,3,"[[(2R,3S,4R,5R)-5-(6-aminopurin-9-yl)-3,4-dihydroxyoxolan-2-yl]methoxy-hydroxyphosphoryl] [(2R,3S,4S)-5-(7,8-dimethyl-2,4-dioxobenzo[g]pteridin-10-yl)-2,3,4-trihydroxypentyl] hydrogen phosphate",CC1=CC2=C(C=C1C)N(C3=NC(=O)NC(=O)C3=N2)C[C@@H]([C@@H]([C@@H](COP(=O)(O)OP(=O)(O)OC[C@@H]4[C@H]([C@H]([C@@H](O4)N5C=NC6=C(N=CN=C65)N)O)O)O)O)O,-241,-0.241,
446,,,4,"8-(imidazol-1-ylmethyl)-7-methyl-10-(2,3,4,5-tetrahydroxypentyl)benzo[g]pteridine-2,4-dione",CC1=CC2=C(C=C1CN3C=CN=C3)N(C4=NC(=O)NC(=O)C4=N2)CC(C(C(CO)O)O)O,-173,-0.173,
447,,,5,,CC(=O)OCC(OC(C)=O)C(OC(C)=O)C(CN2C1=CC(=C(C)C=C1N=C3C(=O)N([H])C(=O)N=C23)C[N]4C=C[N+](=C4)C)OC(C)=O,-118,-0.118,
448,,,6,"7,8-dimethyl-1H-benzo[g]pteridine-2,4-dione",CC1=CC2=C(C=C1C)N=C3C(=N2)C(=O)NC(=O)N3,-502,-0.502,
449,,,7,"1,7,8-trimethylbenzo[g]pteridine-2,4-dione",CC1=CC2=C(C=C1C)N=C3C(=N2)C(=O)NC(=O)N3C,-509,-0.509,
450,,,8,"3,7,8-trimethyl-1H-benzo[g]pteridine-2,4-dione",CC1=CC2=C(C=C1C)N=C3C(=N2)C(=O)N(C(=O)N3)C,-535,-0.535,
451,,,9,"1,3,7,8-tetramethylbenzo[g]pteridine-2,4-dione",C1=C(C(=CC2=C1N=C3C(=N2)C(=O)N(C(=O)N3C)C)C)C,-530,-0.53,
452,,7. dioxathiadiaza,1,,C12=[S]3ON=C1CSCC2=NO3,-375,-0.375,
453,,,2,,C12=[S]3ON=C1C[S](CC2=NO3)=O,-277,-0.277,
454,,,3,,C12=[S]3ON=C1C[S](CC2=NO3)(=O)=O,-227,-0.227,
455,,,4,,[C]12=[S]3ON=C1C[C]CC2=NO3,-416,-0.416,
456,,8. miscellaneous,1,9-(2-methoxy-4-methylsulfonylaminoanilino)-acridinium,C1=CC=CC2=C1C(=C3C(=[N+]2[H])C=CC=C3)NC4=CC=C(C=C4)N[S](C)(=O)=O,-803,-0.803,
457,,,2,,C1(=CC=C(C2=NSN=C12)C#N)C#N,-490,-0.49,
458,,,3,,C2(=NC1=NSN=C1N=C2C3=CC=CO3)C4=CC=CO4,-374,-0.374,
459,,,4,,C2(=NC1=NSN=C1N=C2C3=CC=CC=N3)C4=NC=CC=C4,-236,-0.236,
460,,,5,,C2(=NC1=NSN=C1N=C2C3=CC=CC=[N+]3[O-])C4=NC=CC=C4,-253,-0.253,
461,5. Phenoxyl,1. phenol,1,phenol,C1=CC=C(C=C1)O,>500,>0.500,
462,,,2,4-aminophenol,C1(=CC=C(C=C1)O)N,217,0.217,
463,,,3,4-hydroxybenzoic acid,C1=CC(=CC=C1C(=O)O)O,>500,>0.500,
464,,,4,,C1=CC=C(C=C1)O,770,0.77,
465,,,5,4-methoxyphenol,COC1=CC=C(C=C1)O,320,0.32,
466,,,6,4-(methylamino)phenol,CNC1=CC=C(C=C1)O,146,0.146,
467,,,7,4-acetamidophenol,CC(=O)NC1=CC=C(C=C1)O,450,0.45,
468,,,8,4-(dimethylamino)-phenol,CN(C)C1=CC=C(C=C1)O,174,0.174,
469,,,9,tyrosine,C1=CC(=CC=C1C[C@@H](C(=O)O)N)O,640,0.64,
470,,,10,dl-tyrosine,C1=CC(=CC=C1CC(C(=O)O)N)O,870,0.87,
471,,,11,n-acetyl-l-tyrosinamide,CC(=O)N[C@@H](CC1=CC=C(C=C1)O)C(=O)N,650,0.65,
472,,,12,l-alanyl-l-tyrosine,C[C@@H](C(=O)N[C@@H](CC1=CC=C(C=C1)O)C(=O)O)N,850,0.85,
473,,"2.1,2-dihydroxybezene",1,"1,2-dihydroxybenzene",C1=CC=C(C(=C1)O)O,43,0.043,
474,,,2,"2,3-dihydroxybenzoic acid",C1=CC(=C(C(=C1)O)O)C(=O)O,118,0.118,
475,,,3,"3,4-dihydroxybenzoic acid",C1=CC(=C(C=C1C(=O)O)O)O,119,0.119,
476,,,4,"3,4-dihydroxyphenylacetic acid",C1=CC(=C(C=C1CC(=O)O)O)O,21,0.021,
477,,,5,3-hydroxytyramine,C1=CC(=C(C=C1CCN)O)O,18,0.018,
478,,,6,norepinephrine,C1=CC(=C(C=C1[C@H](CN)O)O)O,44,0.044,
479,,,7,"trans-3,4-dihydroxycinnamic acid",C1=CC(=C(C=C1/C=C/C(=O)O)O)O,84,0.084,
480,,,8,adrenalone,CNCC(=O)C1=CC(=C(C=C1)O)O,~180,~0.180,
481,,,9,"2-amino-3-(3,4-dihydroxyphenyl)propanoic acid",C1(=CC=C(C=C1O)CC(C(O)=O)N)O,14,0.014,
482,,"3. 1,3-di",1,"1,3-dihydroxybenzene",C1=CC(=CC(=C1)O)O,385,0.385,
483,,,2,"2,5-dihydroxybenzoic acid",C1=CC(=C(C=C1O)C(=O)O)O,33,0.033,
484,,,3,"3,5-dihydroxybenzoic acid",C1=C(C=C(C=C1O)O)C(=O)O,280,0.28,
485,,"4. 1,4-di",1,"1,4-dihydroxybenzene",C1=CC(=CC=C1O)O,1041,1.041,
486,,,2,Persilic acid,C1=C(C(=CC(=C1S(=O)(=O)O)O)S(=O)(=O)O)O,116,0.116,
487,,,3,methylhydroquinone,CC1=C(C=CC(=C1)O)O,460,0.46,
488,,,4,"2-methoxybenzene-1,4-diol",COC1=C(C=CC(=C1)O)O,-85,-0.085,
489,,,5,"2-(methoxymethyl)benzene-1,4-diol",C1(=C(C=CC(=C1)O)O)COC,118,0.118,
490,,,6,"2-(2,5-dihydroxyphenyl)acetic acid",C1=CC(=C(C=C1O)CC(=O)O)O,-50,-0.05,
491,,,7,"2,3-dimethylbenzene-1,4-diol",C1(=C(C=CC(=C1C)O)O)C,430,0.43,
492,,,8,"2,5-dimethylbenzene-1,4-diol",CC1=C(C=C(C(=C1)O)C)O,980,0.98,
493,,,9,,CC1=C(C=CC(=C1C)O)O,385,0.385,
494,,,10,,CC1=C(C(=C(C(=C1C)O)C)C)O,950,0.95,
495,,5. trihydroxyl,1,"benzene-1,2,3-triol",C1=CC(=C(C(=C1)O)O)O,-9,-0.009,
496,,,2,"5-(2-aminoethyl)benzene-1,2,3-triol",C1=C(C=C(C(=C1O)O)O)CCN,42,0.042,
497,,,3,"ethyl 3,4,5-trihydroxybenzoate",CCOC(=O)C1=CC(=C(C(=C1)O)O)O,-54,-0.054,
498,,,4,"benzene-1,2,4-triol  ",C1=CC(=C(C=C1O)O)O,-110,-0.11,
499,6. radical,1. aminobenzene and phenylenediamine,1,aniline,C1=CC=C(C=C1)N,1030,1.03,
500,,,2,"N,N-dimethylaniline",CN(C)C1=CC=CC=C1,~770,~0.770,
501,,,3,"benzene-1,2-diamine",C1=CC=C(C(=C1)N)N,>270,>0.270,
502,,,4,"benzene-1,4-diamine",C1=CC(=CC=C1N)N,183,0.183,
503,,,5,"1-N,1-N,4-N,4-N-tetramethylbenzene-1,4-diamine",CN(C)C1=CC=C(C=C1)N(C)C,~265,~0.265,
504,,2. indole,1,1H-indole,C1=CC=C2C(=C1)C=CN2,1240,1.24,
505,,,2,1H-indol-5-ol,C1=CC2=C(C=CN2)C=C1O,216,0.216,
506,,,3,1-methylindole,CN1C=CC2=CC=CC=C21,1230,1.23,
507,,,4,2-methyl-1H-indole,CC1=CC2=CC=CC=C2N1,1100,1.1,
508,,,5,3-methyl-1H-indole,CC1=CNC2=CC=CC=C12,1010,1.01,
509,,,6,2-(1H-indol-3-yl)acetic acid,C1=CC=C2C(=C1)C(=CN2)CC(=O)O,840,0.84,
510,,,7,"2,3-dimethyl-1H-indole",CC1=C(NC2=CC=CC=C12)C,780,0.78,
511,,,8,2-(1H-indol-3-yl)ethanamine,C1=CC=C2C(=C1)C(=CN2)CCN,,0,
512,,,9,(2S)-2-amino-3-(1H-indol-3-yl)propanoic acid,C1=CC=C2C(=C1)C(=CN2)C[C@@H](C(=O)O)N,1140,1.14,
513,,,10,2-amino-3-(5-hydroxy-1H-indol-3-yl)propanoic acid,C1=CC2=C(C=C1O)C(=CN2)CC(C(=O)O)N,208,0.208,
514,,,11,2-amino-3-(1H-indol-3-yl)propanamide,C1=CC=C2C(=C1)C(=CN2)CC(C(=O)N)N,940,0.94,
515,,,12,(2S)-2-acetamido-3-(1H-indol-3-yl)propanoic acid,CC(=O)N[C@@H](CC1=CNC2=CC=CC=C21)C(=O)O,<870,<0.870,
516,,,13,(2S)-2-[[(2S)-2-amino-3-(1H-indol-3-yl)propanoyl]amino]propanoic acid,C[C@@H](C(=O)O)NC(=O)[C@H](CC1=CNC2=CC=CC=C21)N,,0,
517,,3. pyrimidine,1,"1H-pyrimidine-2,4-dione",C1=CNC(=O)NC1=O,870,0.87,
518,,,2,"1-methylpyrimidine-2,4-dione",CN1C=CC(=O)NC1=O,~1600,~1.600,
519,,,3,"5-methyl-1H-pyrimidine-2,4-dione",CC1=CNC(=O)NC1=O,780,0.78,
520,,,4,"1,3-diazinane-2,4,6-trione",C1C(=O)NC(=O)NC1=O,790,0.79,
521,,,5,"1,3-diazinane-2,4,5-trione",C1C(=O)C(=O)NC(=O)N1,132,0.132,
522,,,6,6-amino-1H-pyrimidin-2-one,C1=C(NC(=O)N=C1)N,830,0.83,
523,,,7,4-amino-1-methylpyrimidin-2-one,CN1C=CC(=NC1=O)N,~1630,~1.630,
524,,4. purine,1,7H-purin-6-amine,C1=NC2=NC=NC(=C2N1)N,750,0.75,
525,,,2,"(2R,3R,4S,5R)-2-(6-aminopurin-9-yl)-5-(hydroxymethyl)oxolane-3,4-diol",C1=NC(=C2C(=N1)N(C=N2)[C@H]3[C@@H]([C@@H]([C@H],810,0.81,
526,,,3,"2-amino-1,7-dihydropurin-6-one",C1=NC2=C(N1)C(=O)NC(=N2)N,620,0.62,
527,,,4,"2-amino-9-[(2R,3R,4S,5R)-3,4-dihydroxy-5-(hydroxymethyl)oxolan-2-yl]-1H-purin-6-one",C1=NC2=C(N1[C@H]3[C@@H]([C@@H]([C@H],710,0.71,
528,,,5,"1,7-dihydropurin-6-one",C1=NC2=C(N1)C(=O)NC=N2,740,0.74,
529,,,6,"3,7-dihydropurine-2,6-dione",C1=NC2=C(N1)C(=O)NC(=O)N2,590,0.59,
530,,,7,"7,9-dihydro-3H-purine-2,6,8-trione",C12=C(NC(=O)N1)NC(=O)NC2=O,260,0.26,
531,7. phemothiazine,1. 10H-phenothiazine,1,"1-(5,5-dioxophenothiazin-10-yl)-N,N-dimethylpropan-2-amine",CC(CN1C2=CC=CC=C2S(=O)(=O)C3=CC=CC=C31)N(C)C,701,0.701,
532,,"2. 10H, w. 1 ring",1,3-bromo-10-methylphenothiazine,CN1C2=C(C=C(C=C2)Br)SC3=CC=CC=C31,766,0.766,
533,,,2,3-chloro-10H-phenothiazine,C1=CC=C2C(=C1)NC3=C(S2)C=C(C=C3)Cl,763,0.763,
534,,,3,3-fluoro-10H-phenothiazine,C1=CC=C2C(=C1)NC3=C(S2)C=C(C=C3)F,722,0.722,
535,,,4,3-iodo-10H-phenothiazine,C1=CC=C2C(=C1)NC3=C(S2)C=C(C=C3)I,758,0.758,
536,,,5,3-nitro-10H-phenothiazine,C1=CC=C2C(=C1)NC3=C(S2)C=C(C=C3)[N+](=O)[O-],~900,~0.900,
537,,,6,3-methyl-10H-phenothiazine,CC1=CC2=C(C=C1)NC3=CC=CC=C3S2,651,0.651,
538,,,7,1-methoxy-10H-phenothiazine,COC1=C2C(=CC=C1)SC3=CC=CC=C3N2,698,0.698,
539,,,8,3-methoxy-10H-phenothiazine,COC1=CC2=C(C=C1)NC3=CC=CC=C3S2,590,0.59,
540,,,9,1-ethoxy-10H-phenothiazine,CCOC1=C2C(=CC=C1)SC3=CC=CC=C3N2,692,0.692,
541,,,10,3-ethoxy-10H-phenothiazine,CCOC1=CC2=C(C=C1)NC3=CC=CC=C3S2,580,0.58,
542,,,11,10-methyl-3-phenylphenothiazine,CN1C2=C(C=C(C=C2)C3=CC=CC=C3)SC4=CC=CC=C41,679,0.679,
543,,"3. 10H, w. 2 ring",1,2-chloro-7-methoxy-10H-phenothiazine,COC1=CC2=C(C=C1)NC3=C(S2)C=CC(=C3)Cl,662,0.662,
544,,,2,4-chloro-7-methoxy-10H-phenothiazine,COC1=CC2=C(C=C1)NC3=C(S2)C(=CC=C3)Cl,668,0.668,
545,,,3,"3,7-dimethylpheno-thiazine",C1=CC3=C(C=C1C)SC2=C(C=CC(=C2)C)N3,626,0.626,
546,,,4,"3,7-dimethoxylpheno-thiazine",C1=CC3=C(C=C1OC)SC2=C(C=CC(=C2)OC)N3,475,0.475,
547,,4. N-substituted,1,10-phenothiazine-carboxaldehyde,C1=CC3=C(C=C1)N(C2=C(C=CC=C2)S3)C(=O)[H],~980,~0.980,
548,,,2,10-methylphenothiazine-carboxaldehyde,C1=CC3=C(C=C1)N(C2=C(C=CC=C2)S3)C,829,0.829,
549,,,3,10-acetylphenothiazine,C1=CC3=C(C=C1)N(C2=C(C=CC=C2)S3)C(=O)C,~960,~0.960,
550,,,4,,C1=CC3=C(C=C1)N(C2=C(C=CC=C2)S3)CCC[S]([O-])(=O)=O,834,0.834,
551,,,5,"N,N-dimethyl-3-phenothiazin-10-ylpropan-1-amine",CN(C)CCCN1C2=CC=CC=C2SC3=CC=CC=C31,715,0.715,
552,,,6,"N,N-dimethyl-1-phenothiazin-10-ylpropan-2-amine",CC(CN1C2=CC=CC=C2SC3=CC=CC=C31)N(C)C,865,0.865,
553,,,7,10-(1-methyl-2-dimethyl)phenothiazine,C1=CC3=C(C=C1)N(C2=C(C=CC=C2)S3)C(C)CN(C)C,890,0.89,
554,,,8,10-(2-pyrrolidinylethyl)-phenothiazine,C1=CC3=C(C=C1)N(C2=C(C=CC=C2)S3)CCCN4CCN(CC4)C,847,0.847,
555,,,9,,C1=CC3=C(C=C1)N(C2=C(C=CC=C2)S3)CCC[S]([O-])(=O)=O,834,0.834,
556,,,10,"N,N-diethyl-2-phenothiazin-10-ylethanamine",CCN(CC)CCN1C2=CC=CC=C2SC3=CC=CC=C31,807,0.807,
557,,,11,methyl sulfate;trimethyl(1-phenothiazin-10-ylpropan-2-yl)azanium,CC(CN1C2=CC=CC=C2SC3=CC=CC=C31)[N+](C)(C)C.COS(=O)(=O)[O-],861,0.861,
558,,,12,phenothiazin-10-yl(phenyl)methanone,C1=CC=C(C=C1)C(=O)N2C3=CC=CC=C3SC4=CC=CC=C42,>920,>0.920,
559,,,13,10-(n-methyl-3-piperidinyl)-methylphenothiazine,C1=CC3=C(C=C1)N(C2=C(C=CC=C2)S3)CC4CN(CCC4)C,783,0.783,
560,,,14,10-(2-methyl-2-diethylaminoethyl)-phenothiazine,C1=CC3=C(C=C1)N(C2=C(C=CC=C2)S3)CC(C)N(CC)CC,900,0.9,
561,,,15,,C1=CC3=C(C=C1)N(C2=C(C=CC=C2)S3)CCCN(CC)CC,954,0.954,
562,,,16,,C1=CC3=C(C=C1)N(C2=C(C=CC=C2)S3)CCCCCC[N](CC)(CC)CC,864,0.864,
563,,,17,10-[3-(4-methyl-1-pipierazinyl)-propyl]phenothiazine,C1=CC3=C(C=C1)N(C2=C(C=CC=C2)S3)CCCN4CCC(CC4)C,720,0.72,
564,,,18,,C1=CC3=C(C=C1)N(C2=C(C=CC=C2)S3)CCCN4CCN(CC4)CCO,762,0.762,
565,,5. N-,1,"3-(2-chlorophenothiazin-10-yl)-N,N-dimethylpropan-1-amine",CN(C)CCCN1C2=CC=CC=C2SC3=C1C=C(C=C3)Cl,780,0.762,
566,,,2,"N,N-dimethyl-3-[2-(trifluoromethyl)phenothiazin-10-yl]propan-1-amine",CN(C)CCCN1C2=CC=CC=C2SC3=C1C=C(C=C3)C(F)(F)F,894,0.894,
567,,,3,2-hydroxy-10-(3-dimethyl-aminopropyl)phenothiazine,CN(C)CCCN2C1=CC(=CC=C1SC3=CC=CC=C23)O,625,0.625,
568,,,4,2-methoxy-10-(3-dimethyl-aminopropyl)phenothiazine,CN(C)CCCN2C1=CC(=CC=C1SC3=CC=CC=C23)OC,710,0.71,
569,,,5,2-acethyl-10-(3-dimethyl-aminopropyl)phenothiazine,CN(C)CCCN2C1=CC(=CC=C1SC3=CC=CC=C23)COC,863,0.863,
570,,,6,10-[2-(1-methylpiperidin-2-yl)ethyl]-2-methylsulfanylphenothiazine,CN1CCCCC1CCN2C3=CC=CC=C3SC4=C2C=C(C=C4)SC,794,0.794,
571,,,7,2-chloro-10-[3-(4-methylpiperazin-1-yl)propyl]phenothiazine,CN1CCN(CC1)CCCN2C3=CC=CC=C3SC4=C2C=C(C=C4)Cl,827,0.827,
572,,,8,10-[3-(4-methylpiperazin-1-yl)propyl]-2-(trifluoromethyl)phenothiazine,CN1CCN(CC1)CCCN2C3=CC=CC=C3SC4=C2C=C(C=C4)C(F)(F)F,944,0.944,
573,,,9,"N,N-dimethyl-10-[3-(4-methylpiperazin-1-yl)propyl]phenothiazine-2-sulfonamide",CN1CCN(CC1)CCCN2C3=CC=CC=C3SC4=C2C=C(C=C4)S(=O)(=O)N(C)C,877,0.877,
574,,,10,2-chlore-10-[3-(4-(2-hydrexyethyl)-1-piperazinyl)propyl]-phenothiazine,C(N1CCN(CC1)CCCN3C2=CC=CC=C2SC4=C3C=C(C=C4)[S](=O)(=O)N(C)C)CO,830,0.83,
575,,6. Benzophenothiazine,1,12H-benzo[a]phenothiazine,C1=CC=C2C(=C1)C=CC3=C2NC4=CC=CC=C4S3,633,0.633,
576,,,2,12H-benzo[c]phenothiazine,C1=CC=C2C(=C1)C=CC4=C2SC3=CC=CC=C3N4,628,0.628,
577,,,3,"13h-dibenzo[a,j]pheno-thiazine",C34C(CC1C(C2=C(C=C1)C=CC=C2)N3)C=CC5=C4C=CC=C5,544,0.544,
578,,,4,"7h-dibenzo[c,h]pheno-thiazine",C15=C(C2=C(C=C1)C=CC=C2)SC3=C(C=CC4=C3C=CC=C4)N5,548,0.548,
579,,7. wo. oxidized,1,10h-phenothiazinesulfoxide,C13=C(C=CC=C1)[S-](C2=C(C=CC=C2)N3)[O+],800,0.8,
580,,,2,10h-phenothiazinesulfone,C1=CC=CC3=C1NC2C(C=CC=C2)[S]3(O)O,>900,>0.900,
581,,,3,10h-carvethoxyphenothiazninesulfone,C1=CC=CC3=C1N(C2C(C=CC=C2)[S]3(O)O)C(=O)OCC,>900,>0.900,
582,8. radical from miscellaneous organic,1. hydroxyl,1,"(2R)-2-[(1S)-1,2-dihydroxyethyl]-3,4-dihydroxy-2H-furan-5-one",C([C@@H]([C@@H]1C(=C(C(=O)O1)O)O)O)O,~15,~0.015,
583,,,2,7-hydroxychromen-2-one,C1=CC(=CC2=C1C=CC(=O)O2)O,315,0.315,
584,,,3,"2-methylnaphthalene-1,4-diol",CC1=C(C2=CC=CC=C2C(=C1)O)O,190,0.19,
585,,,4,"2-methyl-3-[(E)-3,7,11,15-tetramethylhexadec-2-enyl]naphthalene-1,4-dione",CC1=C(C(=O)C2=CC=CC=C2C1=O)C/C=C(\C)/CCCC(C)CCCC(C)CCCC(C)C,22,0.022,
586,,,5,"1,2,5,8-tetrahydroxyanthracene-9,10-dione",C1=CC(=C(C2=C1C(=O)C3=C(C=CC(=C3C2=O)O)O)O)O,73,0.073,
587,,,6,"3,4-dihydro-6-hydroxy-2,5,7,8-tetramethylbenzopyran-2-carboxylic acid",C1(=C(C(=C(C2=C1OC(CC2)(C)C(=O)O)C)O)C)C,192,0.192,
588,,,7,"(2R,3S)-2-(3,4-dihydroxyphenyl)-3,4-dihydro-2H-chromene-3,5,7-triol",C1[C@@H]([C@H](OC2=CC(=CC(=C21)O)O)C3=CC(=C(C=C3)O)O)O,79,0.079,
589,,,8,"(2R,3R)-2-(3,4-dihydroxyphenyl)-3,4-dihydro-2H-chromene-3,5,7-triol",C1[C@H]([C@H](OC2=CC(=CC(=C21)O)O)C3=CC(=C(C=C3)O)O)O,48,0.048,
590,,,9,"2-(3,4-dihydroxyphenyl)-3,5,7-trihydroxychromen-4-one",C1=CC(=C(C=C1C2=C(C(=O)C3=C(C=C(C=C3O2)O)O)O)O)O,-37,-0.037,
591,,,10,"6,7,13,14-tetrahydroxy-2,9-dioxatetracyclo[6.6.2.04,16.011,15]hexadeca-1(15),4,6,8(16),11,13-hexaene-3,10-dione",C1=C2C3=C(C(=C1O)O)OC(=O)C4=CC(=C(C(=C43)OC2=O)O)O,187,0.187,
592,,2. difydronleotin,1,"[[(2R,3S,4R,5R)-5-(6-aminopurin-9-yl)-3,4-dihydroxyoxolan-2-yl]methoxy-hydroxyphosphoryl] [(2R,3S,4R,5R)-5-(3-carbamoyl-4H-pyridin-1-yl)-3,4-dihydroxyoxolan-2-yl]methyl hydrogen phosphate",C1C=CN(C=C1C(=O)N)[C@H]2[C@@H]([C@@H]([C@H](O2)COP(=O)(O)OP(=O)(O)OC[C@@H]3[C@H]([C@H]([C@@H](O3)N4C=NC5=C(N=CN=C54)N)O)O)O)O,282,0.282,
593,,3. Thiol,1,,,,0,
594,,,1.1,(2R)-2-amino-3-sulfanylpropanoic acid,C([C@@H](C(=O)O)N)S,110,0.11,
595,,,1.2,2-sulfanylethanol,C(CS)O,750,0.75,
596,,,2.1,중복,,,0,
597,,,2.2,CWERGRDVMFNCDR-UHFFFAOYSA-N,C(C(=O)O)S,1347,1.347,
598,,,2.3,(2S)-2-amino-3-methyl-3-sulfanylbutanoic acid,CC(C)([C@H](C(=O)O)N)S,1345,1.345,
599,,,2.4,3-sulfanylpropanoic acid,C(CS)C(=O)O,1359,1.359,
600,,,3.1,중복,,,0,
601,,,4.1,2-sulfanylethanol,C(CS)O,1726,1.726,
602,,,4.2,"(2S,3S)-1,4-bis(sulfanyl)butane-2,3-diol",C([C@H]([C@@H](CS)O)O)S,1752,1.752,
603,,,4.3,"6,8-bis(sulfanyl)octanamide",C(CCC(=O)N)CC(CCS)S,1700,1.7,
604,,,4.4,"(2R,3S)-1,4-bis(sulfanyl)butane-2,3-diol",C([C@H]([C@H](CS)O)O)S,1724,1.724,
605,,,5.1,(methyldisulfanyl)methane,CSSC,1391,1.391,
606,,,5.2,5-[(3R)-dithiolan-3-yl]pentanoic acid,C1CSS[C@@H]1CCCCC(=O)O,1130,1.13,
607,,4. Pyrazolinone,1,"3-methyl-1,4-dihydropyrazol-5-one",CC1=NNC(=O)C1,390,0.39,
608,,,2,"4-methyl-1,4-dihydropyrazol-5-one",CC1C=NNC1=O,320,0.32,
609,,,3,"3,4-dimethyl-1,4-dihydropyrazol-5-one",CC1C(=NNC1=O)C,330,0.33,
610,,,4,"1,5-dimethyl-2-phenylpyrazol-3-one",CC1=CC(=O)N(N1C)C2=CC=CC=C2,1200-1500,1.200-1.500,
611,,5. peroxy radical,1,,CO[O],600-700,0.600-0.700,
612,,,2,,C(O[O])(Cl)(Cl)Cl,>1000,>1.000,