,SMILE,ph,SRP,solvent_-,solvent_1 M H2SO4,solvent_CH2Cl2,solvent_CH3CN,solvent_H2O,solvent_MeCN,solvent_PBS buffer,solvent_iso-propyl alcohol,type_anion,type_neutral,type_radical
25,CN(C)C(C)C1=CC=C[C-]1[Fe+2][C-]1C=CC=C1,7.0,0.584,0.0,0.0,0.0,0.0,0.0,0.0,1.0,0.0,0.0,1.0,0.0
84,CC1=C(C(O)C(=CC1O)OC)OC,7.0,0.399,0.0,0.0,0.0,0.0,1.0,0.0,0.0,0.0,0.0,1.0,0.0
10,C1=CC=C[C-]1[Fe+2][C-]2C=CC=C2CCCCC(=O)N,7.0,0.349,0.0,0.0,0.0,0.0,0.0,0.0,1.0,0.0,0.0,1.0,0.0
342,C1=CC=C2C(=C1)C(=O)C=C(C2=O)CO,7.0,-0.152,0.0,0.0,0.0,0.0,1.0,0.0,0.0,0.0,0.0,1.0,0.0
890,[CH-]1[CH-][CH-][CH-][CH-]1.[CH-]1C=CC=C1.[Fe],7.0,0.75,1.0,0.0,0.0,0.0,0.0,0.0,0.0,0.0,0.0,1.0,0.0
396,C1=CC(=CC(=C1)[N+](=O)[O-])C(=O)O,7.0,-0.433,0.0,0.0,0.0,0.0,1.0,0.0,0.0,0.0,0.0,1.0,0.0
744,CC1=CC2=C(C=C1C)N(C3=NC(=O)NC(=O)C3=N2)C[C@@H]([C@@H]([C@@H](CO)O)O)O,7.0,-0.292,0.0,0.0,0.0,0.0,1.0,0.0,0.0,0.0,0.0,1.0,0.0
823,CN1C2=C(C=C(C=C2)Br)SC3=CC=CC=C31,7.0,0.766,0.0,0.0,0.0,0.0,1.0,0.0,0.0,0.0,0.0,1.0,0.0
118,C1=C(C=C(C=C1O)O)C(=O)O,13.5,0.28,0.0,0.0,0.0,0.0,1.0,0.0,0.0,0.0,0.0,1.0,0.0
298,C1=CC=[C-]C=C1,7.0,-0.29,0.0,0.0,0.0,1.0,0.0,0.0,0.0,0.0,1.0,0.0,0.0
416,CCCCNC(=O)C1=CC=C(O1)[N+](=O)[O-],7.0,-0.23,0.0,0.0,0.0,0.0,1.0,0.0,0.0,0.0,0.0,1.0,0.0
29,C1=CC=C[C-]1[Fe+2][C-]2C=CC(=C2)CN(CCN),7.0,0.544,0.0,0.0,0.0,0.0,0.0,0.0,1.0,0.0,0.0,1.0,0.0
55,CC1=C(C(O)C=CC1O)C,7.0,0.424,0.0,0.0,0.0,0.0,1.0,0.0,0.0,0.0,0.0,1.0,0.0
428,CC(C)C1=CN=C(N1C)[N+](=O)[O-],7.0,-0.439,0.0,0.0,0.0,0.0,1.0,0.0,0.0,0.0,0.0,1.0,0.0
299,[CH2]C1=CC=CC=C1,7.0,0.97,0.0,0.0,0.0,1.0,0.0,0.0,0.0,0.0,0.0,0.0,1.0
604,C1(=C[N+]3=C(C=C1)C2=[N+](C=CC=C2)CC3)OCC,7.0,-0.44,0.0,0.0,0.0,0.0,1.0,0.0,0.0,0.0,0.0,1.0,0.0
259,C1[C@@H]([C@@H](OC2=CC(=CC(=C21)O)O)C3=CC(=C(C(=C3)O)O)O)O,7.0,0.42,0.0,0.0,0.0,0.0,1.0,0.0,0.0,0.0,0.0,1.0,0.0
196,O=S(C1=CC(C(C2=C(O)C=CC(O)=C2C3[O])[O-])=C3C=C1)([O-])=O,7.0,-0.249,0.0,0.0,0.0,0.0,1.0,0.0,0.0,0.0,1.0,0.0,0.0
377,C1=C(C(=O)C(=CC1=C2C=C(C(=O)C(=C2)Cl)Cl)Cl)Cl,7.0,0.26,0.0,0.0,0.0,0.0,1.0,0.0,0.0,0.0,0.0,1.0,0.0
81,COC1=CC(O)C=C(C1O)OC,7.0,-0.337,0.0,0.0,0.0,0.0,1.0,0.0,0.0,0.0,0.0,1.0,0.0
857,CN1CCN(CC1)CCCN2C3=CC=CC=C3SC4=C2C=C(C=C4)C(F)(F)F,7.0,0.944,0.0,0.0,0.0,0.0,1.0,0.0,0.0,0.0,0.0,1.0,0.0
651,CCSC[N+]1=CC=C(C=C1)C2=CC=[N+](C=C2)CSCC,7.0,-0.308,0.0,0.0,0.0,0.0,1.0,0.0,0.0,0.0,0.0,1.0,0.0
703,CCOC(=O)C[N+]1=CC=C(C=C1)C2=CC=[N+](C=C2)C,7.0,-0.362,0.0,0.0,0.0,0.0,1.0,0.0,0.0,0.0,0.0,1.0,0.0
886,CC1C(=NNC1=O)C,7.0,0.33,0.0,0.0,0.0,0.0,1.0,0.0,0.0,0.0,0.0,1.0,0.0
797,C1=CC(=CC=C1N)N,7.0,0.183,0.0,0.0,0.0,0.0,1.0,0.0,0.0,0.0,0.0,1.0,0.0
204,[O-]C1C=CC([O])C2=CN(C)C(C3=CC=CC=C3)=C12,7.0,-0.419,0.0,0.0,0.0,0.0,1.0,0.0,0.0,0.0,1.0,0.0,0.0
551,COCC(CN1C=NC(=C1[N+](=O)[O-])I)O,7.0,-0.441,0.0,0.0,0.0,0.0,1.0,0.0,0.0,0.0,0.0,1.0,0.0
655,CCOCC[N+]1=CC=C(C=C1)C2=CC=[N+](C=C2)CCOCC,7.0,-0.386,0.0,0.0,0.0,0.0,1.0,0.0,0.0,0.0,0.0,1.0,0.0
294,C1=CC=CC=C1[CH1]O,7.0,-0.06,0.0,0.0,0.0,1.0,0.0,0.0,0.0,0.0,0.0,0.0,1.0
462,C1=CN=C([N]1CC[N+]2(CCOCC2)C)[N+](=O)O[H],7.0,-0.318,0.0,0.0,0.0,0.0,1.0,0.0,0.0,0.0,0.0,1.0,0.0
544,COSC1=NC=C([N+]([O-])=O)[N]1C,7.0,-0.361,0.0,0.0,0.0,0.0,1.0,0.0,0.0,0.0,0.0,1.0,0.0
841,C1=CC3=C(C=C1)N(C2=C(C=CC=C2)S3)CCCN4CCN(CC4)C,7.0,0.847,0.0,0.0,0.0,0.0,1.0,0.0,0.0,0.0,0.0,1.0,0.0
777,C1=CC(=C(C=C1/C=C/C(=O)O)O)O,7.0,0.084,0.0,0.0,0.0,0.0,1.0,0.0,0.0,0.0,0.0,1.0,0.0
440,CC(=O)CN1C=CN=C1[N+](=O)[O-],7.0,-0.358,0.0,0.0,0.0,0.0,1.0,0.0,0.0,0.0,0.0,1.0,0.0
813,C1C(=O)C(=O)NC(=O)N1,7.0,0.132,0.0,0.0,0.0,0.0,1.0,0.0,0.0,0.0,0.0,1.0,0.0
404,C1(=C(C=C(C(=C1)[N+](=O)[O-])N2CC2)C(=O)NCC(OC)OC)[N+](=O)[O-],7.0,-0.384,0.0,0.0,0.0,0.0,1.0,0.0,0.0,0.0,0.0,1.0,0.0
59,CC1=CC([O])C=C(C1[O-])C,7.0,-0.08,0.0,0.0,0.0,0.0,1.0,0.0,0.0,0.0,1.0,0.0,0.0
321,C1CO[CH]O1,7.0,0.55,0.0,0.0,0.0,1.0,0.0,0.0,0.0,0.0,0.0,0.0,1.0
810,C1=CNC(=O)NC1=O,7.0,0.87,0.0,0.0,0.0,0.0,1.0,0.0,0.0,0.0,0.0,1.0,0.0
781,C1=C(C=C(C=C1O)O)C(=O)O,7.0,0.28,0.0,0.0,0.0,0.0,1.0,0.0,0.0,0.0,0.0,1.0,0.0
706,C[N+]1=CC=C(C=C1)C2=CC=[N+](C=C2)CC#[S]N=O,7.0,-0.371,0.0,0.0,0.0,0.0,1.0,0.0,0.0,0.0,0.0,1.0,0.0
644,C1=C[N+](=CC=C1C2=CC=[N+](C=C2)CCN)CCN,7.0,-0.28,0.0,0.0,0.0,0.0,1.0,0.0,0.0,0.0,0.0,1.0,0.0
300,C[C](C)C1=CC=CC=C1,7.0,0.4,0.0,0.0,0.0,1.0,0.0,0.0,0.0,0.0,0.0,0.0,1.0
7,C1=CC=C[C-]1[Fe+2][C-]1C=CC=C1CC(=O)N,7.0,0.454,0.0,0.0,0.0,0.0,0.0,0.0,1.0,0.0,0.0,1.0,0.0
244,[O]C1=CC=CC2=C1C(C3=C(NCCNCCO)C=CC4=C3C2=NN4CCNCCO)[O-],7.0,-0.538,0.0,0.0,0.0,0.0,1.0,0.0,0.0,0.0,1.0,0.0,0.0
155,ClCC1=CC(C(C=CC2[O])[O-])=C2C=C1,7.67,-0.094,0.0,0.0,0.0,0.0,1.0,0.0,0.0,0.0,1.0,0.0,0.0
360,CC1=CC(=O)C2=C(N(C(=C2C1=O)C)C)C3=CC=CC=C3,7.0,-0.423,0.0,0.0,0.0,0.0,1.0,0.0,0.0,0.0,0.0,1.0,0.0
750,CC1=CC2=C(C=C1C)N=C3C(=N2)C(=O)NC(=O)N3C,7.0,-0.509,0.0,0.0,0.0,0.0,1.0,0.0,0.0,0.0,0.0,1.0,0.0
101,C1=CC=C(C(=C1)O)O,7.0,0.37,0.0,0.0,0.0,0.0,1.0,0.0,0.0,0.0,0.0,1.0,0.0
199,OC(C1=C(O)C=CC(O)=C1C2O)C3=C2C(O)=C(O)C=C3,13.5,-0.073,0.0,0.0,0.0,0.0,1.0,0.0,0.0,0.0,0.0,1.0,0.0
672,CCCCCCCC[N+]1=CC=C(C=C1)C2=CC=[N+](C=C2)CCCCCCCC,7.0,-0.451,0.0,0.0,0.0,0.0,1.0,0.0,0.0,0.0,0.0,1.0,0.0
357,C1=CC=C2C(=C1)C(=O)C3=C(C=CC(=C3C2=O)NCCNCCOC(=O)O)NCCNCCOC(=O)O,7.0,-0.348,0.0,0.0,0.0,0.0,1.0,0.0,0.0,0.0,0.0,1.0,0.0
309,C[CH-]C1=CC=CC=C1,7.0,-1.34,0.0,0.0,0.0,1.0,0.0,0.0,0.0,0.0,1.0,0.0,0.0
390,CC(=O)C1=CC(=CC=C1)[N+](=O)[O-],7.0,-0.437,0.0,0.0,0.0,0.0,1.0,0.0,0.0,0.0,0.0,1.0,0.0
260,C1[C@@H]([C@@H](OC2=CC(=CC(=C21)O)O)C3=CC(=C(C(=C3)O)O)O)O,3.5,0.73,0.0,0.0,0.0,0.0,1.0,0.0,0.0,0.0,0.0,1.0,0.0
433,CN1C(=CN=C1[N+](=O)[O-])C=NN2CCOCC2,7.0,-0.366,0.0,0.0,0.0,0.0,1.0,0.0,0.0,0.0,0.0,1.0,0.0
316,C1=CC=CC2=C1[CH]C3C2C=CC=C3,7.0,1.0,0.0,0.0,0.0,1.0,0.0,0.0,0.0,0.0,0.0,0.0,1.0
327,C1=CC(=O)C=CC1=O,7.0,0.078,0.0,0.0,0.0,0.0,1.0,0.0,0.0,0.0,0.0,1.0,0.0
2,C1=CC=C[C-]1[Fe+2][C-]1C(C=CC(=O)O)=CC=C1,7.0,0.464,0.0,0.0,0.0,0.0,0.0,0.0,1.0,0.0,0.0,1.0,0.0
468,C1COCCN1CCCCCCCCN2C=CN=C2[N+](=O)[O-],7.0,-0.388,0.0,0.0,0.0,0.0,1.0,0.0,0.0,0.0,0.0,1.0,0.0
516,CN1C=NC(=C1S(=O)(=O)NC2=CC=CC=C2OC)[N+](=O)[O-],7.0,-0.408,0.0,0.0,0.0,0.0,1.0,0.0,0.0,0.0,0.0,1.0,0.0
816,C1=NC(=C2C(=N1)N(C=N2)[C@H]3[C@@H]([C@@H]([C@H],7.0,0.81,0.0,0.0,0.0,0.0,1.0,0.0,0.0,0.0,0.0,1.0,0.0
852,CN(C)CCCN2C1=CC(=CC=C1SC3=CC=CC=C23)O,7.0,0.625,0.0,0.0,0.0,0.0,1.0,0.0,0.0,0.0,0.0,1.0,0.0
158,CC1=C(C)C(C2=CC=CC=C2C1[O-])[O],7.0,-0.24,0.0,0.0,0.0,0.0,1.0,0.0,0.0,0.0,1.0,0.0,0.0
526,CCOC(=O)CN1C=NC(=C1I)[N+](=O)[O-],7.0,-0.436,0.0,0.0,0.0,0.0,1.0,0.0,0.0,0.0,0.0,1.0,0.0
848,C1=CC3=C(C=C1)N(C2=C(C=CC=C2)S3)CCCN4CCC(CC4)C,7.0,0.72,0.0,0.0,0.0,0.0,1.0,0.0,0.0,0.0,0.0,1.0,0.0
572,CN(C)CCCNC1=C2C(=CC=C(C2=NC3=CC=CC=C31)C(=O)OC)[N+](=O)[O-] ,7.0,-0.244,0.0,0.0,0.0,0.0,1.0,0.0,0.0,0.0,0.0,1.0,0.0
583,C1=CN=CC=C1[N+](=O)[O-],7.0,-0.191,0.0,0.0,0.0,0.0,1.0,0.0,0.0,0.0,0.0,1.0,0.0
444,COCCN1C=CN=C1[N+](=O)[O-],7.0,-0.393,0.0,0.0,0.0,0.0,1.0,0.0,0.0,0.0,0.0,1.0,0.0
589,C[N+]1=CC=CC=C1C2=CC=CC=[N+]2C,7.0,-0.776,0.0,0.0,0.0,0.0,1.0,0.0,0.0,0.0,0.0,1.0,0.0
448,CCCNC(=O)CN1C=CN=C1[N+](=O)[O-],7.0,-0.388,0.0,0.0,0.0,0.0,1.0,0.0,0.0,0.0,0.0,1.0,0.0
531,CN1C=NC([N]([O-])=O)C1=O,7.0,-0.439,0.0,0.0,0.0,0.0,1.0,0.0,0.0,0.0,0.0,1.0,0.0
613,C1C([N+]2=CC=CC=C2C3=CC=CC=[N+]31)C4=CC=CC=C4,7.0,-0.29,0.0,0.0,0.0,0.0,1.0,0.0,0.0,0.0,0.0,1.0,0.0
365,C2(C1=C[N](C(=C1C(C(=C2C)C)=O)C)C)=O,7.0,-0.452,0.0,0.0,0.0,0.0,1.0,0.0,0.0,0.0,0.0,1.0,0.0
368,C2(C1=C([N]3C(=C1C(C(=C2C)OC)=O)CCC3)C(OCC)=O)=O,7.0,-0.383,0.0,0.0,0.0,0.0,1.0,0.0,0.0,0.0,0.0,1.0,0.0
743,CC1(CC(=NC=C1)C2=CC=CC=N2)C,7.0,-1.05,0.0,0.0,0.0,0.0,1.0,0.0,0.0,0.0,0.0,1.0,0.0
424,CN1C(=CN=C1[N+](=O)[O-])C=C,7.0,-0.392,0.0,0.0,0.0,0.0,1.0,0.0,0.0,0.0,0.0,1.0,0.0
666,CCOC(C[N+]1=CC=C(C=C1)C2=CC=[N+](C=C2)CC(OCC)OCC)OCC,7.0,-0.373,0.0,0.0,0.0,0.0,1.0,0.0,0.0,0.0,0.0,1.0,0.0
212,OC(C1C(C(C(O1)=O)[O-])[O])CO,7.0,-0.175,0.0,0.0,0.0,0.0,1.0,0.0,0.0,0.0,1.0,0.0,0.0
79,COC1=CC([O])C=C(C1[O-])OC,7.0,-0.15,0.0,0.0,0.0,0.0,1.0,0.0,0.0,0.0,1.0,0.0,0.0
148,CC1=CC(C2=CC=CC=C2C1O)O,7.0,-0.005,0.0,0.0,0.0,0.0,1.0,0.0,0.0,0.0,0.0,1.0,0.0
266,C1[C@H]([C@@H](OC2=CC(=CC(=C21)O)O)C3=CC(=C(C=C3)O)O)O,3.5,0.91,0.0,0.0,0.0,0.0,1.0,0.0,0.0,0.0,0.0,1.0,0.0
408,C1=C(OC(=C1)[N+](=O)[O-])C(=O)O,7.0,-0.317,0.0,0.0,0.0,0.0,1.0,0.0,0.0,0.0,0.0,1.0,0.0
280,C1=CC=C(C=C1CN)[CH2],7.0,1.35,0.0,0.0,0.0,1.0,0.0,0.0,0.0,0.0,0.0,0.0,1.0
478,CC(C)N(CC[N]1C=CN=C1([N+]([O-])=O)C(C)C,7.0,-0.272,0.0,0.0,0.0,0.0,1.0,0.0,0.0,0.0,0.0,1.0,0.0
275,C1=C(C=CC=C1[CH2])C,7.0,0.91,0.0,0.0,0.0,1.0,0.0,0.0,0.0,0.0,0.0,0.0,1.0
133,C1CN1C2=C(C([O-])C(=C(C2[O])Cl)N3CC3)Cl,7.0,0.051,0.0,0.0,0.0,0.0,1.0,0.0,0.0,0.0,1.0,0.0,0.0
482,CC(C)(C)CN(CC(O)C[N]1C=CN=C1([N+]([O-])=O)C(C)(C)C,7.0,-0.348,0.0,0.0,0.0,0.0,1.0,0.0,0.0,0.0,0.0,1.0,0.0
752,C1=C(C(=CC2=C1N=C3C(=N2)C(=O)N(C(=O)N3C)C)C)C,7.0,-0.53,0.0,0.0,0.0,0.0,1.0,0.0,0.0,0.0,0.0,1.0,0.0
708,C[N+]1=CC=C(C=C1)C2=CC=[N+](C=C2)CC#[S]NC3=CC=CC=C3,7.0,-0.357,0.0,0.0,0.0,0.0,1.0,0.0,0.0,0.0,0.0,1.0,0.0
483,C1=CC=C(C=C1)CNCC(CN2C=CN=C2[N+](=O)[O-])O,7.0,-0.353,0.0,0.0,0.0,0.0,1.0,0.0,0.0,0.0,0.0,1.0,0.0
768,C1=CC(=CC=C1CC(C(=O)O)N)O,7.0,0.87,0.0,0.0,0.0,0.0,1.0,0.0,0.0,0.0,0.0,1.0,0.0
869,C1(=C(C(=C(C2=C1OC(CC2)(C)C(=O)O)C)O)C)C,7.0,0.192,0.0,0.0,0.0,0.0,1.0,0.0,0.0,0.0,0.0,1.0,0.0
281,C1(=CC=C(C=C1)[CH2-])OC,7.0,-1.51,0.0,0.0,0.0,1.0,0.0,0.0,0.0,0.0,1.0,0.0,0.0
591,CC1=CC(=NC=C1)C2=NC=CC(=C2)C,7.0,-0.54,0.0,0.0,0.0,0.0,1.0,0.0,0.0,0.0,0.0,1.0,0.0
832,CN1C2=C(C=C(C=C2)C3=CC=CC=C3)SC4=CC=CC=C41,7.0,0.679,0.0,0.0,0.0,0.0,1.0,0.0,0.0,0.0,0.0,1.0,0.0
689,CC1=[N+](C=CC(=C1)C2=CC(=[N+](C=C2)CCCl)C)CCCl,7.0,-0.422,0.0,0.0,0.0,0.0,1.0,0.0,0.0,0.0,0.0,1.0,0.0
172,C1=CC(O)C2=NC=CN=C2C1O,7.0,-0.163,0.0,0.0,0.0,0.0,1.0,0.0,0.0,0.0,0.0,1.0,0.0
590,C1=CC=[N+](C(=C1)C2=CC=CC=[N+]2CCCS(=O)(=O)[O-])CCCS(=O)(=O)[O-],7.0,-0.68,0.0,0.0,0.0,0.0,1.0,0.0,0.0,0.0,0.0,1.0,0.0
652,N#CCCC[N+]1=CC=C(C=C1)C2=CC=[N+](C=C2)CCCC#N,7.0,-0.362,0.0,0.0,0.0,0.0,1.0,0.0,0.0,0.0,0.0,1.0,0.0
793,C1=C(C=C(C(=C1O)O)O)CCN,7.0,0.042,0.0,0.0,0.0,0.0,1.0,0.0,0.0,0.0,0.0,1.0,0.0
819,C1=NC2=C(N1)C(=O)NC=N2,7.0,0.74,0.0,0.0,0.0,0.0,1.0,0.0,0.0,0.0,0.0,1.0,0.0
90,CC1=C(C([O-])C(=CC1[O])C/C=C(\C)/CC/C=C(\C)/CC/C=C(\C)/CC/C=C(\C)/CC/C=C(\C)/CC/C=C(\C)/CC/C=C(\C)/CC/C=C(\C)/CCC=C(C)C)C,7.0,-0.165,0.0,0.0,0.0,0.0,1.0,0.0,0.0,0.0,1.0,0.0,0.0
853,CN(C)CCCN2C1=CC(=CC=C1SC3=CC=CC=C23)OC,7.0,0.71,0.0,0.0,0.0,0.0,1.0,0.0,0.0,0.0,0.0,1.0,0.0
181,[O]C1C2=CC=CC=C2C([O-])C3=C(O)C=CC(O)=C13,11.0,-0.304,0.0,0.0,0.0,0.0,1.0,0.0,0.0,0.0,1.0,0.0,0.0
543,CC1=NC=C(N1C)[N+](=O)[O-],7.0,-0.475,0.0,0.0,0.0,0.0,1.0,0.0,0.0,0.0,0.0,1.0,0.0
812,C1C(=O)NC(=O)NC1=O,7.0,0.79,0.0,0.0,0.0,0.0,1.0,0.0,0.0,0.0,0.0,1.0,0.0
69,CC(C)(C)C1=CC([O])C=CC1[O-],7.0,-0.025,0.0,0.0,0.0,0.0,1.0,0.0,0.0,0.0,1.0,0.0,0.0
291,C1=CC=C(C=C1)[C](C2=CC=CC=C2)O,7.0,-0.01,0.0,0.0,0.0,1.0,0.0,0.0,0.0,0.0,0.0,0.0,1.0
131,[O-]C1C(Cl)=C(Cl)C([O])C(Cl)=C1Cl,7.0,0.65,0.0,0.0,0.0,0.0,1.0,0.0,0.0,0.0,1.0,0.0,0.0
346,C1=CC2=C(C=C1CBr)C(=O)C=CC2=O,7.0,-0.092,0.0,0.0,0.0,0.0,1.0,0.0,0.0,0.0,0.0,1.0,0.0
799,C1=CC2=C(C=CN2)C=C1O,7.0,0.216,0.0,0.0,0.0,0.0,1.0,0.0,0.0,0.0,0.0,1.0,0.0
135,[O]C1C=CC2=CC=CC=C2C1[O-],7.0,0.068,0.0,0.0,0.0,0.0,0.0,0.0,0.0,1.0,1.0,0.0,0.0
164,[O-]C1C2=CC=CC=C2C([O])C(SCC(NC(CCC(N)C(O)=O)=O)C(NCC(O)=O)=O)=C1SCC(NC(CCC(N)C(O)=O)=O)C(NCC(O)=O)=O,7.0,-0.15,0.0,0.0,0.0,0.0,1.0,0.0,0.0,0.0,1.0,0.0,0.0
28,C[N+](C)(C)CC1=C[C-](C=C1)[Fe+2][C-]2C=CC=C2.[X-],7.0,0.634,0.0,0.0,0.0,0.0,0.0,0.0,1.0,0.0,0.0,1.0,0.0
512,CN1C=NC(=C1S(=O)(=O)NC2=CC=CC=C2Cl)[N+](=O)[O-],7.0,-0.444,0.0,0.0,0.0,0.0,1.0,0.0,0.0,0.0,0.0,1.0,0.0
193,OC1C2=CC=CC=C2C(O)C3=C1C=CC(S(=O)([O-])=O)=C3,7.0,-0.228,0.0,0.0,0.0,0.0,0.0,0.0,0.0,1.0,0.0,1.0,0.0
319,C1C[CH]OC1,7.0,-0.11,0.0,0.0,0.0,1.0,0.0,0.0,0.0,0.0,0.0,0.0,1.0
582,COC1=CC2=C(C=C1)OC(=C2)[N+](=O)[O-],7.0,-0.292,0.0,0.0,0.0,0.0,1.0,0.0,0.0,0.0,0.0,1.0,0.0
169,CC1=CC(O)C2=C(C1O)C=CC=N2,7.0,-0.279,0.0,0.0,0.0,0.0,1.0,0.0,0.0,0.0,0.0,1.0,0.0
405,C1=C(C(=CC(=C1N)[N+](=O)[O-])[N+](=O)[O-])C(=O)N,7.0,-0.46,0.0,0.0,0.0,0.0,1.0,0.0,0.0,0.0,0.0,1.0,0.0
140,[O]C1C=C(O)C2=CC=CC=C2C1[O-],7.0,-0.139,0.0,0.0,0.0,0.0,0.0,0.0,0.0,1.0,1.0,0.0,0.0
173,CC1=C(N=C2C(O)C=CC(O)C2=N1)C,7.0,-0.211,0.0,0.0,0.0,0.0,1.0,0.0,0.0,0.0,0.0,1.0,0.0
6,O=C(O)C(N)CSCC1=CC=C[C-]1[Fe+2][C-]1C=CC=C1,7.0,0.444,0.0,0.0,0.0,0.0,0.0,0.0,1.0,0.0,0.0,1.0,0.0
903,C1=CC=NC(=C1)C2=CC=CC=N2.C1=CC=NC(=C1)C2=CC=CC=N2.[Os+2],7.0,0.81,0.0,0.0,0.0,0.0,1.0,0.0,0.0,0.0,0.0,1.0,0.0
685,CC1=CC(=CC(=[N+]1C)C)C2=CC(=[N+](C(=C2)C)C)C,7.0,-0.64,0.0,0.0,0.0,0.0,1.0,0.0,0.0,0.0,0.0,1.0,0.0
73,CC(C)(C)C1=CC(O)C=CC1O,7.0,0.489,0.0,0.0,0.0,0.0,1.0,0.0,0.0,0.0,0.0,1.0,0.0
631,C1=C[N+]4=C2C(=C1)C=CC3=C2[N+](=CC=C3)CCCC4,7.0,-0.45,0.0,0.0,0.0,0.0,1.0,0.0,0.0,0.0,0.0,1.0,0.0
535,CN1C=NC(=C1[N+](=O)[O-])I,7.0,-0.461,0.0,0.0,0.0,0.0,1.0,0.0,0.0,0.0,0.0,1.0,0.0
606,CC1=CC2=[N+](CC[N+]3=C2C=C(C=C3)C)C=C1,7.0,-0.487,0.0,0.0,0.0,0.0,1.0,0.0,0.0,0.0,0.0,1.0,0.0
145,OC1C2=CC=CC=C2C(O)C(S(=O)([O-])=O)=C1,7.0,0.12,0.0,0.0,0.0,0.0,1.0,0.0,0.0,0.0,0.0,1.0,0.0
234,CCCN1C(=C(C2=C1C([O])C(=C(C2[O-])OC)C)CO)C,7.0,-0.318,0.0,0.0,0.0,0.0,1.0,0.0,0.0,0.0,1.0,0.0,0.0
220,O=S(C1=CC(C([O])/C(N2)=C3NC4=C(C=C(S(=O)([O-])=O)C=C4)C\3[O-])=C2C=C1)([O-])=O,7.0,-0.247,0.0,0.0,0.0,0.0,1.0,0.0,0.0,0.0,1.0,0.0,0.0
409,C1=C(OC(=C1)[N+](=O)[O-])/C=N\O,7.0,-0.253,0.0,0.0,0.0,0.0,1.0,0.0,0.0,0.0,0.0,1.0,0.0
618,CC1=C[N+]2=C(C=C1)C3=[N+](CCC2)C=C(C=C3)C,7.0,-0.671,0.0,0.0,0.0,0.0,1.0,0.0,0.0,0.0,0.0,1.0,0.0
132,C1CN1C2=C(C([O-])C(=C(C2[O])Br)N3CC3)Br,7.0,0.032,0.0,0.0,0.0,0.0,1.0,0.0,0.0,0.0,1.0,0.0,0.0
873,C1=C2C3=C(C(=C1O)O)OC(=O)C4=CC(=C(C(=C43)OC2=O)O)O,7.0,0.187,0.0,0.0,0.0,0.0,1.0,0.0,0.0,0.0,0.0,1.0,0.0
412,C1C(=O)NC(=O)N1/N=C/C2=CC=C(O2)[N+](=O)[O-],7.0,-0.264,0.0,0.0,0.0,0.0,1.0,0.0,0.0,0.0,0.0,1.0,0.0
185,[O]C1C2=CC=CC=C2C([O-])C3=C(N)C=CC(N)=C13,11.0,-0.424,0.0,0.0,0.0,0.0,1.0,0.0,0.0,0.0,1.0,0.0,0.0
41,O=P([O-])([O-])OC1=CC(C2=C[C-]([Fe+2][C-]3C=CC=C3)C=C2)=CC=C1,7.0,0.424,0.0,0.0,0.0,0.0,0.0,0.0,1.0,0.0,0.0,1.0,0.0
822,CC(CN1C2=CC=CC=C2S(=O)(=O)C3=CC=CC=C31)N(C)C,7.0,0.701,0.0,0.0,0.0,0.0,1.0,0.0,0.0,0.0,0.0,1.0,0.0
108,C1=CC(=C(C=C1/C=C/C(=O)O)O)O,7.0,0.54,0.0,0.0,0.0,0.0,1.0,0.0,0.0,0.0,0.0,1.0,0.0
436,C1=CN(C(=N1)[N+](=O)[O-])CC(=O)O,7.0,-0.447,0.0,0.0,0.0,0.0,1.0,0.0,0.0,0.0,0.0,1.0,0.0
56,CC1=CC([O])C(=CC1[O-])C,7.0,-0.066,0.0,0.0,0.0,0.0,1.0,0.0,0.0,0.0,1.0,0.0,0.0
333,CC1=C(C(=O)C(=C(C1=O)C)C)C,7.0,-0.26,0.0,0.0,0.0,0.0,1.0,0.0,0.0,0.0,0.0,1.0,0.0
359,CC1=CC(=O)C2=CN3CCCC3=C2C1=O,7.0,-0.42,0.0,0.0,0.0,0.0,1.0,0.0,0.0,0.0,0.0,1.0,0.0
513,CC1=CC=CC=C1NS(=O)(=O)C2=C(N=CN2C)[N+](=O)[O-],7.0,-0.426,0.0,0.0,0.0,0.0,1.0,0.0,0.0,0.0,0.0,1.0,0.0
24,CN(C)CC1=CC=C[C-]1[Fe+2][C-]1C=CC=C1,7.0,0.559,0.0,0.0,0.0,0.0,0.0,0.0,1.0,0.0,0.0,1.0,0.0
363,C2(C1=C3[N](C(=C1C(C=C2)=O)C)CCC3)=O,7.0,-0.438,0.0,0.0,0.0,0.0,1.0,0.0,0.0,0.0,0.0,1.0,0.0
445,C1=CN(C(=N1)[N+](=O)[O-])CC(CO)O,7.0,-0.389,0.0,0.0,0.0,0.0,1.0,0.0,0.0,0.0,0.0,1.0,0.0
451,CCCC(CN1C=CN=C1[N+](=O)[O-])O,7.0,-0.389,0.0,0.0,0.0,0.0,1.0,0.0,0.0,0.0,0.0,1.0,0.0
51,C1=CC(O)C=CC1O,0.0,1.041,0.0,0.0,0.0,0.0,1.0,0.0,0.0,0.0,0.0,1.0,0.0
422,CN1C(=CN=C1[N+](=O)[O-])C(=O)N,7.0,-0.321,0.0,0.0,0.0,0.0,1.0,0.0,0.0,0.0,0.0,1.0,0.0
835,C1=CC3=C(C=C1C)SC2=C(C=CC(=C2)C)N3,7.0,0.626,0.0,0.0,0.0,0.0,1.0,0.0,0.0,0.0,0.0,1.0,0.0
578,C1=CC=C2C(=C1)C=C(O2)[N+](=O)[O-],7.0,-0.292,0.0,0.0,0.0,0.0,1.0,0.0,0.0,0.0,0.0,1.0,0.0
264,C1[C@H](C(OC2=CC(=CC(=C21)O)O)C3=CC(=C(C=C3)O)O)O,7.0,0.048,0.0,0.0,0.0,0.0,1.0,0.0,0.0,0.0,0.0,1.0,0.0
453,C1=CN(C(=N1)[N+](=O)[O-])CC(=O)NCC(CO)O,7.0,-0.392,0.0,0.0,0.0,0.0,1.0,0.0,0.0,0.0,0.0,1.0,0.0
622,CC2=C(C=[N+]1CCCC[N+]3=C(C1=C2)C=C(C)C(=C3)C)C,7.0,-0.832,0.0,0.0,0.0,0.0,1.0,0.0,0.0,0.0,0.0,1.0,0.0
425,CN1C(=CN=C1[N+](=O)[O-])C(=O)OC,7.0,-0.3,0.0,0.0,0.0,0.0,1.0,0.0,0.0,0.0,0.0,1.0,0.0
838,CN(C)CCCN1C2=CC=CC=C2SC3=CC=CC=C31,7.0,0.715,0.0,0.0,0.0,0.0,1.0,0.0,0.0,0.0,0.0,1.0,0.0
18,C1=CC=C[C-]1[Fe+2][C-]1C=CC=C1COC1O[CH](O)[CH](O)[CH](O)[CH]1O,7.0,0.454,0.0,0.0,0.0,0.0,0.0,0.0,1.0,0.0,0.0,1.0,0.0
653,CCOC(=O)C[N+]1=CC=C(C=C1)C2=CC=[N+](C=C2)CC(=O)OCC,7.0,-0.422,0.0,0.0,0.0,0.0,1.0,0.0,0.0,0.0,0.0,1.0,0.0
518,CC(C)CN1C=NC2=C1N=C(N=C2SC3=C(N=CN3C)[N+](=O)[O-])N,7.0,-0.503,0.0,0.0,0.0,0.0,1.0,0.0,0.0,0.0,0.0,1.0,0.0
351,CC1=C(C(=O)C2=CC=CC=C2C1=O)SC[C@@H](C(=O)NCC(=O)O)NC(=O)CC[C@@H](C(=O)O)N,7.0,-0.192,0.0,0.0,0.0,0.0,1.0,0.0,0.0,0.0,0.0,1.0,0.0
83,CC1=C(C(O)C(=CC1O)OC)OC,7.0,0.29,0.0,0.0,0.0,0.0,1.0,0.0,0.0,0.0,0.0,1.0,0.0
61,CC1=CC(O)C=C(C1O)C,7.0,0.142,0.0,0.0,0.0,0.0,1.0,0.0,0.0,0.0,0.0,1.0,0.0
272,C1=C2C3=C(C(=C1O)O)OC(=O)C4=CC(=C(C(=C43)OC2=O)O)O,13.5,0.187,0.0,0.0,0.0,0.0,1.0,0.0,0.0,0.0,0.0,1.0,0.0
285,[CH2-]C1=CC=C(C=C1)Cl,7.0,-1.16,0.0,0.0,0.0,1.0,0.0,0.0,0.0,0.0,1.0,0.0,0.0
506,CN1C=NC(=C1OC2=CC=C(C=C2)O)[N+](=O)[O-],7.0,-0.565,0.0,0.0,0.0,0.0,1.0,0.0,0.0,0.0,0.0,1.0,0.0
731,[CH2]O,7.0,-0.92,0.0,0.0,0.0,0.0,1.0,0.0,0.0,0.0,0.0,1.0,0.0
12,C1=CC=C[C-]1[Fe+2][C-]1C=CC=C1CO,7.0,0.429,0.0,0.0,0.0,0.0,0.0,0.0,1.0,0.0,0.0,1.0,0.0
182,[O]C1C2=CC=CC=C2C([O-])C3=C(O)C=CC(N)=C13,7.0,-0.408,0.0,0.0,0.0,0.0,1.0,0.0,0.0,0.0,1.0,0.0,0.0
398,C1=CC=C(C(=C1)C#N)[N+](=O)[O-],7.0,-0.308,0.0,0.0,0.0,0.0,1.0,0.0,0.0,0.0,0.0,1.0,0.0
833,COC1=CC2=C(C=C1)NC3=C(S2)C=CC(=C3)Cl,7.0,0.662,0.0,0.0,0.0,0.0,1.0,0.0,0.0,0.0,0.0,1.0,0.0
223,CC1=C(N)C(C2=C(N3C[C@H]4[C@H](N4)[C@]3(OC)[C@@H]2COC(N)=O)C1O)O,7.0,-0.368,0.0,0.0,0.0,0.0,1.0,0.0,0.0,0.0,0.0,1.0,0.0
522,CN1C=C(N=C1I)[N+](=O)[O-],7.0,-0.521,0.0,0.0,0.0,0.0,1.0,0.0,0.0,0.0,0.0,1.0,0.0
638,C1=C[N+](=CC=C1C2=CC=[N+](C=C2)CC(=O)O)CC(=O)O,7.0,-0.444,0.0,0.0,0.0,0.0,1.0,0.0,0.0,0.0,0.0,1.0,0.0
807,C1=CC2=C(C=C1O)C(=CN2)CC(C(=O)O)N,7.0,0.208,0.0,0.0,0.0,0.0,1.0,0.0,0.0,0.0,0.0,1.0,0.0
783,C1=C(C(=CC(=C1S(=O)(=O)O)O)S(=O)(=O)O)O,7.0,0.116,0.0,0.0,0.0,0.0,1.0,0.0,0.0,0.0,0.0,1.0,0.0
532,C1CS(=O)(=O)C2=C(N=CN21)[N+](=O)[O-],7.0,-0.335,0.0,0.0,0.0,0.0,1.0,0.0,0.0,0.0,0.0,1.0,0.0
809,C[C@@H](C(=O)O)NC(=O)[C@H](CC1=CNC2=CC=CC=C21)N,7.0,0.0,0.0,0.0,0.0,0.0,1.0,0.0,0.0,0.0,0.0,1.0,0.0
176,[O]C1C2=CC=CC=C2C([O-])C3=C1C=CC=C3O,7.0,-0.385,0.0,0.0,0.0,0.0,1.0,0.0,0.0,0.0,1.0,0.0,0.0
660,C1=CC(=CC=C1[N+]2=CC=C(C=C2)C3=CC=[N+](C=C3)C4=CC=C(C=C4)[N+](=O)[O-])[N+](=O)[O-],7.0,-0.15,0.0,0.0,0.0,0.0,1.0,0.0,0.0,0.0,0.0,1.0,0.0
751,CC1=CC2=C(C=C1C)N=C3C(=N2)C(=O)N(C(=O)N3)C,7.0,-0.535,0.0,0.0,0.0,0.0,1.0,0.0,0.0,0.0,0.0,1.0,0.0
486,CC1(CC(CC(N1O)(C)C)NCC(CN2C=CN=C2[N+](=O)[O-])O)C,7.0,-0.355,0.0,0.0,0.0,0.0,1.0,0.0,0.0,0.0,0.0,1.0,0.0
163,CC1=C(SC[C@H](NC(CC[C@H](N)C(O)=O)=O)C(NCC(O)=O)=O)C(C2=CC=CC=C2C1[O])[O-],7.0,-0.195,0.0,0.0,0.0,0.0,1.0,0.0,0.0,0.0,1.0,0.0,0.0
248,C1=CC(=C(C(=C1)O)O)O,13.5,-0.009,0.0,0.0,0.0,0.0,1.0,0.0,0.0,0.0,0.0,1.0,0.0
850,CN(C)CCCN1C2=CC=CC=C2SC3=C1C=C(C=C3)Cl,7.0,0.762,0.0,0.0,0.0,0.0,1.0,0.0,0.0,0.0,0.0,1.0,0.0
803,C1=CC=C2C(=C1)C(=CN2)CC(=O)O,7.0,0.84,0.0,0.0,0.0,0.0,1.0,0.0,0.0,0.0,0.0,1.0,0.0
74,CC(C)(C)C1=CC(O)C=CC1O,14.0,-0.075,0.0,0.0,0.0,0.0,1.0,0.0,0.0,0.0,0.0,1.0,0.0
113,C1=CC(=CC(=C1)O)O,13.5,0.385,0.0,0.0,0.0,0.0,1.0,0.0,0.0,0.0,0.0,1.0,0.0
519,CN1C=NC(=C1S(=O)(=O)OC2=CC=CC3=CC=CC=C32)[N+](=O)[O-],7.0,-0.34,0.0,0.0,0.0,0.0,1.0,0.0,0.0,0.0,0.0,1.0,0.0
804,CC1=C(NC2=CC=CC=C12)C,7.0,0.78,0.0,0.0,0.0,0.0,1.0,0.0,0.0,0.0,0.0,1.0,0.0
104,C1=CC(=C(C=C1CC(=O)O)O)O,13.5,0.021,0.0,0.0,0.0,0.0,1.0,0.0,0.0,0.0,0.0,1.0,0.0
114,C1=CC(=CC(=C1)O)O,7.0,0.81,0.0,0.0,0.0,0.0,1.0,0.0,0.0,0.0,0.0,1.0,0.0
381,C1=CC=CC2=C1C(=C3C(=N2)C=CC=C3)N(C4C=CC(C=C4N(C)C)=O)[H],7.0,-0.01,0.0,0.0,0.0,0.0,1.0,0.0,0.0,0.0,0.0,1.0,0.0
92,CC1=C(C(O)C(=CC1O)C/C=C(\C)/CC/C=C(\C)/CC/C=C(\C)/CC/C=C(\C)/CC/C=C(\C)/CC/C=C(\C)/CC/C=C(\C)/CC/C=C(\C)/CCC=C(C)C)C,7.0,0.11,0.0,0.0,0.0,0.0,1.0,0.0,0.0,0.0,0.0,1.0,0.0
514,CN1C=NC(=C1S(=O)(=O)OC2=CC=CC=C2OC)[N+](=O)[O-],7.0,-0.365,0.0,0.0,0.0,0.0,1.0,0.0,0.0,0.0,0.0,1.0,0.0
89,CC1=C(C([O-])C(=C(C1[O])OC)OC)CCCCCCCCCC[P+](C2=CC=CC=C2)(C3=CC=CC=C3)C4=CC=CC=C4,7.0,-0.105,0.0,0.0,0.0,0.0,1.0,0.0,0.0,0.0,0.0,1.0,0.0
336,C1=CC=C2C(=C1)C=CC(=O)C2=O,7.0,-0.089,0.0,0.0,0.0,0.0,1.0,0.0,0.0,0.0,0.0,1.0,0.0
900,C1=CC2=C(C3=C(C=CC=N3)C=C2)N=C1.C1=CC2=C(C3=C(C=CC=N3)C=C2)N=C1.C1=CC2=C(C3=C(C=CC=N3)C=C2)N=C1.[Fe+2],7.0,1.147,0.0,0.0,0.0,0.0,1.0,0.0,0.0,0.0,0.0,1.0,0.0
836,C1=CC3=C(C=C1OC)SC2=C(C=CC(=C2)OC)N3,7.0,0.475,0.0,0.0,0.0,0.0,1.0,0.0,0.0,0.0,0.0,1.0,0.0
847,C1=CC3=C(C=C1)N(C2=C(C=CC=C2)S3)CCCCCC[N](CC)(CC)CC,7.0,0.864,0.0,0.0,0.0,0.0,1.0,0.0,0.0,0.0,0.0,1.0,0.0
552,CC1=NC=C(N1CCNC(=O)S)[N+](=O)[O-],7.0,-0.498,0.0,0.0,0.0,0.0,1.0,0.0,0.0,0.0,0.0,1.0,0.0
542,CN1C(=CN=C1C=O)[N+](=O)[O-],7.0,-0.36,0.0,0.0,0.0,0.0,1.0,0.0,0.0,0.0,0.0,1.0,0.0
557,C1CS(=O)(=O)C2=NC=C(N21)[N+](=O)[O-],7.0,-0.342,0.0,0.0,0.0,0.0,1.0,0.0,0.0,0.0,0.0,1.0,0.0
94,CCOC(=O)NC1=C(C([O-])C(=C(C1[O])N2CC2)NC(=O)OCC)N3CC3,7.0,-0.228,0.0,0.0,0.0,0.0,1.0,0.0,0.0,0.0,1.0,0.0,0.0
11,C1=CC=C[C-]1[Fe+2][C-]1C=CC=C1O,7.0,0.044,0.0,0.0,0.0,0.0,0.0,0.0,1.0,0.0,0.0,1.0,0.0
447,C1=CN=C([N]1CCOC(C)=O)[N+](=O)[O-],7.0,-0.42,0.0,0.0,0.0,0.0,1.0,0.0,0.0,0.0,0.0,1.0,0.0
43,CC1=CC=C[C-]1[Fe+2][C-]1C(C)=CC(=C1),7.0,1.057,0.0,0.0,0.0,0.0,0.0,1.0,0.0,0.0,0.0,1.0,0.0
42,C1=CC=C[C-]1[Fe+2][C-]1C=CC=C1,7.0,1.153,0.0,0.0,0.0,0.0,0.0,1.0,0.0,0.0,0.0,1.0,0.0
329,CC1=C(C(=O)C=CC1=O)C,7.0,-0.074,0.0,0.0,0.0,0.0,1.0,0.0,0.0,0.0,0.0,1.0,0.0
167,CC1=C(C/C=C(CCCC(CCCC(CCCC(C)C)C)C)\C)C(C2=CC=CC=C2C1O)O,7.0,-0.06,0.0,0.0,0.0,0.0,1.0,0.0,0.0,0.0,0.0,1.0,0.0
795,C1=CC(=C(C=C1O)O)O,7.0,-0.11,0.0,0.0,0.0,0.0,1.0,0.0,0.0,0.0,0.0,1.0,0.0
749,CC1=CC2=C(C=C1C)N=C3C(=N2)C(=O)NC(=O)N3,7.0,-0.502,0.0,0.0,0.0,0.0,1.0,0.0,0.0,0.0,0.0,1.0,0.0
688,CC1=[N+](C=CC(=C1)C2=CC(=[N+](C=C2)C#N)C)C#N,7.0,-0.14,0.0,0.0,0.0,0.0,1.0,0.0,0.0,0.0,0.0,1.0,0.0
100,C1=CC=C(C(=C1)O)O,0.0,1.06,0.0,0.0,0.0,0.0,1.0,0.0,0.0,0.0,0.0,1.0,0.0
178,[O]C1C2=CC=CC=C2C([O-])C3=C1C=CC=C3N,7.0,-0.435,0.0,0.0,0.0,0.0,1.0,0.0,0.0,0.0,1.0,0.0,0.0
786,C1(=C(C=CC(=C1)O)O)COC,7.0,0.118,0.0,0.0,0.0,0.0,1.0,0.0,0.0,0.0,0.0,1.0,0.0
800,CN1C=CC2=CC=CC=C21,7.0,1.23,0.0,0.0,0.0,0.0,1.0,0.0,0.0,0.0,0.0,1.0,0.0
602,C1(=C[N+]3=C(C=C1)C2=[N+](C=CC=C2)CC3)C(=O)OC,7.0,-0.14,0.0,0.0,0.0,0.0,1.0,0.0,0.0,0.0,0.0,1.0,0.0
177,[O]C1C2=CC=CC=C2C([O-])C3=C1C=CC=C3O,11.0,-0.415,0.0,0.0,0.0,0.0,1.0,0.0,0.0,0.0,1.0,0.0,0.0
477,O=[N](=O)C1=NC=C[N]1CCNC2=CC=CC=C2,7.0,-0.398,0.0,0.0,0.0,0.0,1.0,0.0,0.0,0.0,0.0,1.0,0.0
617,CC1=CC2=[N+](CCC[N+]3=C2C=C(C=C3)C)C=C1,7.0,-0.691,0.0,0.0,0.0,0.0,1.0,0.0,0.0,0.0,0.0,1.0,0.0
723,C[N+]1=CC3=C(C=C1)C2=C[N+](=CC=C2C=C3)C,7.0,-0.44,0.0,0.0,0.0,0.0,1.0,0.0,0.0,0.0,0.0,1.0,0.0
682,C[N+]1=C(C=C(C=C1)C2=CC(=[N+](C=C2)C)C#N)C#N,7.0,0.09,0.0,0.0,0.0,0.0,1.0,0.0,0.0,0.0,0.0,1.0,0.0
383,C1=CC(=CC(=C1)[N+](=O)[O-])[N+](=O)[O-],7.0,-0.345,0.0,0.0,0.0,0.0,1.0,0.0,0.0,0.0,0.0,1.0,0.0
257,CCOC(=O)C1=CC(=C(C(=C1)O)O)O,7.0,-0.054,0.0,0.0,0.0,0.0,1.0,0.0,0.0,0.0,0.0,1.0,0.0
707,C[N+]1=CC=C(C=C1)C2=CC=[N+](C=C2)CC3=CC=CC=C3,7.0,-0.408,0.0,0.0,0.0,0.0,1.0,0.0,0.0,0.0,0.0,1.0,0.0
335,CCOC(=O)NC1=C(C(=O)C(=C(C1=O)N2CC2)NC(=O)OCC)N3CC3,7.0,-0.168,0.0,0.0,0.0,0.0,1.0,0.0,0.0,0.0,0.0,1.0,0.0
874,C1C=CN(C=C1C(=O)N)[C@H]2[C@@H]([C@@H]([C@H](O2)COP(=O)(O)OP(=O)(O)OC[C@@H]3[C@H]([C@H]([C@@H](O3)N4C=NC5=C(N=CN=C54)N)O)O)O)O,7.0,0.282,0.0,0.0,0.0,0.0,1.0,0.0,0.0,0.0,0.0,1.0,0.0
15,C1=CC=C[C-]1[Fe+2][C-]2C=CC(=C2)COCCO,7.0,0.449,0.0,0.0,0.0,0.0,0.0,0.0,1.0,0.0,0.0,1.0,0.0
3,O=C(O)CCC1=CC=C[C-]1[Fe+2][C-]1C=CC=C1,7.0,0.334,0.0,0.0,0.0,0.0,0.0,0.0,1.0,0.0,0.0,1.0,0.0
426,CN1C(=CN=C1[N+](=O)[O-])C=[N+](C)[O-],7.0,-0.282,0.0,0.0,0.0,0.0,1.0,0.0,0.0,0.0,0.0,1.0,0.0
256,COC(=O)C1=CC(=C(C(=C1)O)O)O,0.0,0.098,0.0,0.0,0.0,0.0,1.0,0.0,0.0,0.0,0.0,1.0,0.0
527,COCC(CN1C=NC(=C1I)[N+](=O)[O-])O,7.0,-0.497,0.0,0.0,0.0,0.0,1.0,0.0,0.0,0.0,0.0,1.0,0.0
493,CC1=NC(=CN1C)[N+](=O)[O-],7.0,-0.542,0.0,0.0,0.0,0.0,1.0,0.0,0.0,0.0,0.0,1.0,0.0
429,CC(C)(C1=CN=C(N1C)[N+](=O)[O-])O,7.0,-0.412,0.0,0.0,0.0,0.0,1.0,0.0,0.0,0.0,0.0,1.0,0.0
393,C1=CC=C(C(=C1)C=O)[N+](=O)[O-],7.0,-0.355,0.0,0.0,0.0,0.0,1.0,0.0,0.0,0.0,0.0,1.0,0.0
222,CC1=C(N)C(C2=C(N3C[C@H]4[C@H](N4)[C@]3(OC)[C@@H]2COC(N)=O)C1O)O,7.0,0.055,0.0,0.0,0.0,0.0,1.0,0.0,0.0,0.0,0.0,1.0,0.0
179,[O]C1C2=CC=CC=C2C([O-])C3=C1C=CC=C3N,11.0,-0.48,0.0,0.0,0.0,0.0,1.0,0.0,0.0,0.0,1.0,0.0,0.0
695,CC1=[N+](C(=CC(=C1)C2=CC(=[N+](C(=C2)C)CCC[S](=O)(=O)[O-])C)C)CCC[S](=O)(=O)[O-],7.0,-0.54,0.0,0.0,0.0,0.0,1.0,0.0,0.0,0.0,0.0,1.0,0.0
910,[O-][Ru](=O)(=O)[O-],7.0,0.59,0.0,0.0,0.0,0.0,1.0,0.0,0.0,0.0,0.0,1.0,0.0
324,CN([CH2])C1=CC=CC=C1,7.0,-0.61,0.0,0.0,0.0,1.0,0.0,0.0,0.0,0.0,0.0,0.0,1.0
539,CN1C=NC(=C1[N+](=O)[O-])S(=O)(=O)OC2=CC=CC=C2,7.0,-0.259,0.0,0.0,0.0,0.0,1.0,0.0,0.0,0.0,0.0,1.0,0.0
9,C1=CC=C[C-]1[Fe+2][C-]1C=CC=C1CCCC(=O)N,7.0,0.349,0.0,0.0,0.0,0.0,0.0,0.0,1.0,0.0,0.0,1.0,0.0
249,C1=C(C=C(C(=C1O)O)O)C(=O)O,7.0,0.45,0.0,0.0,0.0,0.0,1.0,0.0,0.0,0.0,0.0,1.0,0.0
22,C1=CC=C[C-]1[Fe+2][C-]1C=CC(=C1)CCCN,7.0,0.379,0.0,0.0,0.0,0.0,0.0,0.0,1.0,0.0,0.0,1.0,0.0
356,CCCNCCNC1=C2C(=C(C=C1)NCCNCCO)C(=O)C3=C(C=CC(=C3C2=O)O)O,7.0,-0.527,0.0,0.0,0.0,0.0,1.0,0.0,0.0,0.0,0.0,1.0,0.0
221,CC1=C(N)C(C2=C(N3C[C@H]4[C@H](N4)[C@]3(OC)[C@@H]2COC(N)=O)C1[O-])[O],7.0,-0.31,0.0,0.0,0.0,0.0,1.0,0.0,0.0,0.0,1.0,0.0,0.0
635,C[N+]1=CC=C(C=C1)C2=CC=[N+](C=C2)C,7.0,-0.448,0.0,0.0,0.0,0.0,1.0,0.0,0.0,0.0,0.0,1.0,0.0
867,CC1=C(C(=O)C2=CC=CC=C2C1=O)C/C=C(\C)/CCCC(C)CCCC(C)CCCC(C)C,7.0,0.022,0.0,0.0,0.0,0.0,1.0,0.0,0.0,0.0,0.0,1.0,0.0
895,C1=CC=NC(=C1)C2=CC=CC=N2.C1=CC=NC(=C1)C2=CC=CC=N2.C1=CC=NC(=C1)C2=CC=CC=N2.[Ru+2],7.0,2.55,0.0,0.0,0.0,0.0,0.0,1.0,0.0,0.0,0.0,1.0,0.0
537,CN1C=NC(=C1[N+](=O)[O-])S(=O)(=O)N,7.0,-0.336,0.0,0.0,0.0,0.0,1.0,0.0,0.0,0.0,0.0,1.0,0.0
340,C1=CC=C2C(=C1)C(=O)C=C(C2=O)S(=O)(=O)O,7.0,-0.06,0.0,0.0,0.0,0.0,1.0,0.0,0.0,0.0,0.0,1.0,0.0
431,C1(=CN=C([N]1C)[N+](=O)[O-])C=C(C#N)C#N,7.0,-0.24,0.0,0.0,0.0,0.0,1.0,0.0,0.0,0.0,0.0,1.0,0.0
758,C1(=CC=C(C2=NSN=C12)C#N)C#N,7.0,-0.49,0.0,0.0,0.0,0.0,1.0,0.0,0.0,0.0,0.0,1.0,0.0
528,CC1=NC(=CN1CC(COC)O)[N+](=O)[O-],7.0,-0.564,0.0,0.0,0.0,0.0,1.0,0.0,0.0,0.0,0.0,1.0,0.0
203,[O-]C1C=CC([O])C2=C(C3=CC=CC=C3)N(CCC4)C4=C12,7.0,-0.427,0.0,0.0,0.0,0.0,1.0,0.0,0.0,0.0,1.0,0.0,0.0
237,CC1=C(C2=C(N1C)C([O])C=C(C2[O-])N3CCN(CC3)C)C(C)O,7.0,-0.285,0.0,0.0,0.0,0.0,1.0,0.0,0.0,0.0,1.0,0.0,0.0
93,C1CN1C2=C(C([O])C(=C(C2[O-])NCCO)N3CC3)NCCO,7.0,-0.383,0.0,0.0,0.0,0.0,1.0,0.0,0.0,0.0,1.0,0.0,0.0
909,C1=CC2=C(C3=C(C=CC=N3)C=C2)N=C1.C1=CC2=C(C3=C(C=CC=N3)C=C2)N=C1.C1=CC2=C(C3=C(C=CC=N3)C=C2)N=C1.[V+2],7.0,0.14,0.0,0.0,0.0,0.0,1.0,0.0,0.0,0.0,0.0,1.0,0.0
898,C1=CC=NC(=C1)C2=CC=CC=N2.C1=CC=NC(=C1)C2=CC=CC=N2.[Fe+2],7.0,0.78,0.0,0.0,0.0,0.0,1.0,0.0,0.0,0.0,0.0,1.0,0.0
568,CN(C)CCCNC1=C2C(=CC=C(C2=NC3=CC=CC=C31)Cl)[N+](=O)[O-],7.0,-0.325,0.0,0.0,0.0,0.0,1.0,0.0,0.0,0.0,0.0,1.0,0.0
284,[CH2-]C1=CC=C(C=C1)F,7.0,-1.26,0.0,0.0,0.0,1.0,0.0,0.0,0.0,0.0,1.0,0.0,0.0
184,[O]C1C2=CC=CC=C2C([O-])C3=C(N)C=CC(N)=C13,7.0,-0.41,0.0,0.0,0.0,0.0,1.0,0.0,0.0,0.0,1.0,0.0,0.0
732,C(CSSCCO)O,7.0,-1.57,0.0,0.0,0.0,0.0,1.0,0.0,0.0,0.0,0.0,1.0,0.0
434,C1(=CN=C([N]1C)[N+](=O)[O-])C(=NN2CCNCC2)[H],7.0,-0.354,0.0,0.0,0.0,0.0,1.0,0.0,0.0,0.0,0.0,1.0,0.0
499,CN1C=NC(=C1SCC(=O)O)[N+](=O)[O-],7.0,-0.545,0.0,0.0,0.0,0.0,1.0,0.0,0.0,0.0,0.0,1.0,0.0
153,[O]C1C2=CC=CC=C2C([O-])C(COC(NCCCl)=O)=C1,7.67,-0.122,0.0,0.0,0.0,0.0,1.0,0.0,0.0,0.0,1.0,0.0,0.0
75,CC(C)(C)C1=CC(O)C=CC1O,7.0,0.453,0.0,0.0,0.0,0.0,1.0,0.0,0.0,0.0,0.0,1.0,0.0
450,CCOCCN1C=CN=C1[N+](=O)[O-],7.0,-0.4,0.0,0.0,0.0,0.0,1.0,0.0,0.0,0.0,0.0,1.0,0.0
668,C1=CC=C(C=C1)C[N+]2=CC=C(C=C2)C3=CC=[N+](C=C3)CC4=CC=CC=C4,7.0,-0.37,0.0,0.0,0.0,0.0,1.0,0.0,0.0,0.0,0.0,1.0,0.0
559,C1=CC2=C(N=C1)N(C=C2[N+](=O)[O-])CCBr,7.0,-0.605,0.0,0.0,0.0,0.0,1.0,0.0,0.0,0.0,0.0,1.0,0.0
277,C1(=CC=C(C=C1)[CH2])COC,7.0,1.04,0.0,0.0,0.0,1.0,0.0,0.0,0.0,0.0,0.0,0.0,1.0
68,CC(C)(C)C1=CC([O])C=CC1[O-],0.0,0.219,0.0,0.0,0.0,0.0,1.0,0.0,0.0,0.0,1.0,0.0,0.0
446,CS(=O)(=O)CCN1C=CN=C1[N+](=O)[O-],7.0,-0.368,0.0,0.0,0.0,0.0,1.0,0.0,0.0,0.0,0.0,1.0,0.0
728,C1=CC=[N+]2C=C3C=CC4=C[N+]5=CC=CC=C5C=C4C3=CC2=C1,7.0,-0.272,0.0,0.0,0.0,0.0,1.0,0.0,0.0,0.0,0.0,1.0,0.0
188,OC1=CC=CC2=C1C(C3=C(C=CC=C3O)C2[O])[O-],7.0,-0.325,0.0,0.0,0.0,0.0,1.0,0.0,0.0,0.0,1.0,0.0,0.0
271,OC1C(O)=CNC(O)N1,13.5,0.132,0.0,0.0,0.0,0.0,1.0,0.0,0.0,0.0,0.0,1.0,0.0
784,CC1=C(C=CC(=C1)O)O,7.0,0.46,0.0,0.0,0.0,0.0,1.0,0.0,0.0,0.0,0.0,1.0,0.0
844,C1=CC3=C(C=C1)N(C2=C(C=CC=C2)S3)CC4CN(CCC4)C,7.0,0.783,0.0,0.0,0.0,0.0,1.0,0.0,0.0,0.0,0.0,1.0,0.0
236,CC1=C(C2=C(N1C)C([O])C=C(C2[O-])OC)C(C)O,7.0,-0.302,0.0,0.0,0.0,0.0,1.0,0.0,0.0,0.0,1.0,0.0,0.0
88,CC1=C(C(O)C(=C(C1O)OC)OC)CC=C(C)C,7.0,0.7,0.0,0.0,0.0,0.0,1.0,0.0,0.0,0.0,0.0,1.0,0.0
780,C1=CC(=C(C=C1O)C(=O)O)O,7.0,0.033,0.0,0.0,0.0,0.0,1.0,0.0,0.0,0.0,0.0,1.0,0.0
117,C1=CC(=C(C=C1O)C(=O)O)O,13.5,0.033,0.0,0.0,0.0,0.0,1.0,0.0,0.0,0.0,0.0,1.0,0.0
125,CC(=O)C1=C(C=CC(=C1)O)O,13.5,0.118,0.0,0.0,0.0,0.0,1.0,0.0,0.0,0.0,0.0,1.0,0.0
745,CC1=CC2=C(C=C1C)N(C3=NC(=O)NC(=O)C3=N2)C[C@@H]([C@@H]([C@@H](COP(=O)(O)O)O)O)O,7.0,-0.313,0.0,0.0,0.0,0.0,1.0,0.0,0.0,0.0,0.0,1.0,0.0
289,[CH2-]C1=CC(=CC=C1)C(F)(F)F,7.0,-0.96,0.0,0.0,0.0,1.0,0.0,0.0,0.0,0.0,1.0,0.0,0.0
238,CC1=C(C2=C(N1C)C([O])C=C(C2[O-])OC)C(C3=CC=CC=C3)O,7.0,-0.332,0.0,0.0,0.0,0.0,1.0,0.0,0.0,0.0,1.0,0.0,0.0
0,O=C(O)C1=CC=C[C-]1[Fe+2][C-]1C=CC=C1,7.0,0.519,0.0,0.0,0.0,0.0,0.0,0.0,1.0,0.0,0.0,1.0,0.0
902,[CH-]1C=CC=C1.[CH-]1C=CC=C1.[Fe+2],7.0,0.4,0.0,0.0,0.0,0.0,1.0,0.0,0.0,0.0,0.0,1.0,0.0
487,CC1(CC(CC(N1)(C)C)NCC(CN2C=CN=C2[N+](=O)[O-])O)C,7.0,-0.361,0.0,0.0,0.0,0.0,1.0,0.0,0.0,0.0,0.0,1.0,0.0
792,C1=CC(=C(C(=C1)O)O)O,7.0,-0.009,0.0,0.0,0.0,0.0,1.0,0.0,0.0,0.0,0.0,1.0,0.0
395,C1=CC=C(C(=C1)C(=O)O)[N+](=O)[O-],7.0,-0.412,0.0,0.0,0.0,0.0,1.0,0.0,0.0,0.0,0.0,1.0,0.0
802,CC1=CNC2=CC=CC=C12,7.0,1.01,0.0,0.0,0.0,0.0,1.0,0.0,0.0,0.0,0.0,1.0,0.0
126,C1=CC(=C(C=C1O)CC(=O)O)O,13.5,-0.5,0.0,0.0,0.0,0.0,1.0,0.0,0.0,0.0,0.0,1.0,0.0
278,C1(=CC=C(C=C1)[CH2])CN,7.0,1.14,0.0,0.0,0.0,1.0,0.0,0.0,0.0,0.0,0.0,0.0,1.0
704,CCOC(=O)C(C#N)[N+]1=CC=C(C=C1)C2=CC=[N+](C=C2)C,7.0,-0.287,0.0,0.0,0.0,0.0,1.0,0.0,0.0,0.0,0.0,1.0,0.0
116,C1=CC(=CC(=C1)O)O,11.6,0.304,0.0,0.0,0.0,0.0,1.0,0.0,0.0,0.0,0.0,1.0,0.0
473,C1=CN=C([N]1CCCN2CCCCC2)[N+](=O)[O-],7.0,-0.353,0.0,0.0,0.0,0.0,1.0,0.0,0.0,0.0,0.0,1.0,0.0
228,CN1C(=C(C2=C1C([O])C=C(C2[O-])OC)CO)C3=CC=CC=C3,7.0,-0.315,0.0,0.0,0.0,0.0,1.0,0.0,0.0,0.0,1.0,0.0,0.0
711,CCC[N+]1=CC=C(C=C1)C2=CC=[N+](C=C2)CCC(=O)OC,7.0,-0.408,0.0,0.0,0.0,0.0,1.0,0.0,0.0,0.0,0.0,1.0,0.0
667,C[N+](C)(C)CCC[N+]1=CC=C(C=C1)C2=CC=[N+](C=C2)CCC[N+](C)(C)C,7.0,-0.331,0.0,0.0,0.0,0.0,1.0,0.0,0.0,0.0,0.0,1.0,0.0
57,CC1=CC(O)C(=CC1O)C,7.0,0.426,0.0,0.0,0.0,0.0,1.0,0.0,0.0,0.0,0.0,1.0,0.0
525,C1=NC(=C(N1CC(CO)O)I)[N+](=O)[O-],7.0,-0.512,0.0,0.0,0.0,0.0,1.0,0.0,0.0,0.0,0.0,1.0,0.0
274,C2(=CC=C(C=C2)C)[CH2],7.0,0.75,0.0,0.0,0.0,1.0,0.0,0.0,0.0,0.0,0.0,0.0,1.0
318,CCO[CH]C,7.0,-0.21,0.0,0.0,0.0,1.0,0.0,0.0,0.0,0.0,0.0,0.0,1.0
615,CC2=[N+]1CCC[N+]3=C(C1=CC=C2)C=CC=C3,7.0,-0.59,0.0,0.0,0.0,0.0,1.0,0.0,0.0,0.0,0.0,1.0,0.0
144,OC1C2=CC=CC=C2C(O)C(S(=O)([O-])=O)=C1,7.0,0.3,0.0,0.0,0.0,0.0,1.0,0.0,0.0,0.0,0.0,1.0,0.0
875,C([C@@H](C(=O)O)N)S,7.0,0.11,0.0,0.0,0.0,0.0,1.0,0.0,0.0,0.0,0.0,1.0,0.0
567,CN(C)CCCNC1=C2C(=NC3=CC=CC=C31)C=CC=C2[N+](=O)[O-],7.0,-0.275,0.0,0.0,0.0,0.0,1.0,0.0,0.0,0.0,0.0,1.0,0.0
828,COC1=C2C(=CC=C1)SC3=CC=CC=C3N2,7.0,0.698,0.0,0.0,0.0,0.0,1.0,0.0,0.0,0.0,0.0,1.0,0.0
740,C[N+]1=CC=C(C=C1)C(=O)OC,7.0,-0.72,0.0,0.0,0.0,0.0,1.0,0.0,0.0,0.0,0.0,1.0,0.0
369,CN1CC(C2=CC(=O)C(=O)C=C21)O,7.0,-0.253,0.0,0.0,0.0,0.0,1.0,0.0,0.0,0.0,0.0,1.0,0.0
268,C1[C@H]([C@@H](OC2=CC(=CC(=C21)O)O)C3=CC(=C(C=C3)O)O)O,13.5,0.079,0.0,0.0,0.0,0.0,1.0,0.0,0.0,0.0,0.0,1.0,0.0
633,C[N+]1=CC=C(C=C1)C2=CC=CC=[N+]2C,7.0,-0.64,0.0,0.0,0.0,0.0,1.0,0.0,0.0,0.0,0.0,1.0,0.0
307,CCN(CC)[CH]C,7.0,-0.88,0.0,0.0,0.0,1.0,0.0,0.0,0.0,0.0,0.0,0.0,1.0
423,CN1C(=CN=C1[N+](=O)[O-])CO,7.0,-0.4,0.0,0.0,0.0,0.0,1.0,0.0,0.0,0.0,0.0,1.0,0.0
310,C[C](C1=CC=CC=C1)C2=CC=CC=C2,7.0,0.47,0.0,0.0,0.0,1.0,0.0,0.0,0.0,0.0,0.0,0.0,1.0
354,C1=CC=C2C(=C1)C(=O)C3=C(C2=O)C(=C(C=C3O)S(=O)(=O)[O-])O,7.0,-0.27,0.0,0.0,0.0,0.0,1.0,0.0,0.0,0.0,0.0,1.0,0.0
46,CC1=C([C-](C(C)=C1C)(C)[Fe+2][C-]2(C)C(C)=C(C)C(C)=C2C)C,7.0,0.654,0.0,0.0,0.0,0.0,0.0,1.0,0.0,0.0,0.0,1.0,0.0
349,CNC(=O)OCC1=CC2=C(C=C1)C(=O)C=CC2=O,7.0,-0.099,0.0,0.0,0.0,0.0,1.0,0.0,0.0,0.0,0.0,1.0,0.0
371,C1=CC=C2C(=C1)C3C=CC=CC3C(=O)C2=O,7.0,-0.124,0.0,0.0,0.0,0.0,1.0,0.0,0.0,0.0,0.0,1.0,0.0
479,O=[N](=O)C1=NC=C[N]1CC(O)CN2CC2,7.0,-0.398,0.0,0.0,0.0,0.0,1.0,0.0,0.0,0.0,0.0,1.0,0.0
585,C1=C(C(=O)NC(=O)N1)[N+](=O)[O-],7.0,-0.527,0.0,0.0,0.0,0.0,1.0,0.0,0.0,0.0,0.0,1.0,0.0
261,C1[C@@H]([C@@H](OC2=CC(=CC(=C21)O)O)C3=CC(=C(C(=C3)O)O)O)O,0.0,0.93,0.0,0.0,0.0,0.0,1.0,0.0,0.0,0.0,0.0,1.0,0.0
195,[O]C1C2=CC=CC=C2C([O-])C3=C1C(O)=CC(S(=O)([O-])=O)=C3O,7.0,-0.27,0.0,0.0,0.0,0.0,1.0,0.0,0.0,0.0,1.0,0.0,0.0
911,Cl[Ir-3](Cl)(Cl)(Cl)(Cl)Cl,7.0,0.8665,0.0,0.0,0.0,0.0,1.0,0.0,0.0,0.0,0.0,1.0,0.0
759,C2(=NC1=NSN=C1N=C2C3=CC=CO3)C4=CC=CO4,7.0,-0.374,0.0,0.0,0.0,0.0,1.0,0.0,0.0,0.0,0.0,1.0,0.0
670,C[N+](C)(C)CCCC[N+]1=CC=C(C=C1)C2=CC=[N+](C=C2)CCCC[N+](C)(C)C,7.0,-0.367,0.0,0.0,0.0,0.0,1.0,0.0,0.0,0.0,0.0,1.0,0.0
263,C1[C@H](C(OC2=CC(=CC(=C21)O)O)C3=CC(=C(C=C3)O)O)O,13.5,0.42,0.0,0.0,0.0,0.0,1.0,0.0,0.0,0.0,0.0,1.0,0.0
443,C1=CN(C(=N1)[N+](=O)[O-])CC(CF)O,7.0,-0.383,0.0,0.0,0.0,0.0,1.0,0.0,0.0,0.0,0.0,1.0,0.0
616,COC1=C[N+]3=C(C=C1)C2=[N+](C=CC=C2)CCC3,7.0,-0.63,0.0,0.0,0.0,0.0,1.0,0.0,0.0,0.0,0.0,1.0,0.0
304,C1=CC=C(C=C1)[CH-]C2=CC=CC=C2,7.0,-0.9,0.0,0.0,0.0,1.0,0.0,0.0,0.0,0.0,1.0,0.0,0.0
341,CC1=CC(=O)C2=CC=CC=C2C1=O,7.0,-0.203,0.0,0.0,0.0,0.0,1.0,0.0,0.0,0.0,0.0,1.0,0.0
879,C([C@H]([C@@H](CS)O)O)S,7.0,1.752,0.0,0.0,0.0,0.0,1.0,0.0,0.0,0.0,0.0,1.0,0.0
149,CC1=CC(C2=C(C=CC=C2O)C1[O-])[O],7.0,-0.156,0.0,0.0,0.0,0.0,1.0,0.0,0.0,0.0,1.0,0.0,0.0
124,COC1=C(C=CC(=C1)O)O,13.5,-0.085,0.0,0.0,0.0,0.0,1.0,0.0,0.0,0.0,0.0,1.0,0.0
716,CCN(CC)C(=O)CC[N+]1=CC=C(C=C1)C2=CC=[N+](C=C2)CC=C,7.0,-0.383,0.0,0.0,0.0,0.0,1.0,0.0,0.0,0.0,0.0,1.0,0.0
50,C1=CC(O)C=CC1O,11.0,0.057,0.0,0.0,0.0,0.0,1.0,0.0,0.0,0.0,0.0,1.0,0.0
353,C1=CC=C2C(=C1)C(=O)C3=C(C2=O)C=C(C=C3)S(=O)(=O)[O-],7.0,-0.39,0.0,0.0,0.0,0.0,1.0,0.0,0.0,0.0,0.0,1.0,0.0
842,CCN(CC)CCN1C2=CC=CC=C2SC3=CC=CC=C31,7.0,0.807,0.0,0.0,0.0,0.0,1.0,0.0,0.0,0.0,0.0,1.0,0.0
142,C1=CC(=C2C([O])C=CC([O-])C2=C1O)O,7.0,-0.11,0.0,0.0,0.0,0.0,1.0,0.0,0.0,0.0,1.0,0.0,0.0
470,C1=CN=C([N+](=O)[O-])[N]1CCN2CCCC2,7.0,-0.334,0.0,0.0,0.0,0.0,1.0,0.0,0.0,0.0,0.0,1.0,0.0
399,C1=CC(=CC=C1CO)[N+](=O)[O-],7.0,-0.477,0.0,0.0,0.0,0.0,1.0,0.0,0.0,0.0,0.0,1.0,0.0
630,C1C[N+]2=C3C(=C(C=C2)C4=CC=CC=C4)C=CC5=C(C=C[N+](=C53)C1)C6=CC=CC=C6,7.0,-0.31,0.0,0.0,0.0,0.0,1.0,0.0,0.0,0.0,0.0,1.0,0.0
320,C1CO[CH]CO1,7.0,0.16,0.0,0.0,0.0,1.0,0.0,0.0,0.0,0.0,0.0,0.0,1.0
19,C1=CC=C[C-]1[Fe+2][C-]1C=CC(=C1)N,7.0,0.149,0.0,0.0,0.0,0.0,0.0,0.0,1.0,0.0,0.0,1.0,0.0
737,C[N+]1=CC=CC(=C1)C(=O)N,7.0,-0.936,0.0,0.0,0.0,0.0,1.0,0.0,0.0,0.0,0.0,1.0,0.0
720,C=C(CC)C[N+]1=CC=C(C=C1)C2=CC=[N+](C=C2)CCOC,7.0,-0.396,0.0,0.0,0.0,0.0,1.0,0.0,0.0,0.0,0.0,1.0,0.0
736,CN(C)N=NC1=C(NC=N1)C(=O)N,7.0,-0.571,0.0,0.0,0.0,0.0,1.0,0.0,0.0,0.0,0.0,1.0,0.0
407,C1CN1C2=C(C=C(C(=C2)C(=O)N)N)[N+](=O)[O-],7.0,-0.515,0.0,0.0,0.0,0.0,1.0,0.0,0.0,0.0,0.0,1.0,0.0
863,C15=C(C2=C(C=C1)C=CC=C2)SC3=C(C=CC4=C3C=CC=C4)N5,7.0,0.548,0.0,0.0,0.0,0.0,1.0,0.0,0.0,0.0,0.0,1.0,0.0
38,NCCC(O)C1=C[C-]([Fe+2][C-]2C=CC=C2)C=C1,7.0,0.444,0.0,0.0,0.0,0.0,0.0,0.0,1.0,0.0,0.0,1.0,0.0
175,[O]C1C2=CC=CC=C2C([O-])C3=CC=CC=C13,11.0,-0.445,0.0,0.0,0.0,0.0,1.0,0.0,0.0,0.0,1.0,0.0,0.0
245,COC1=CC(C=C/C1=N\C2=C3C=CC=CC3=NC4=CC=CC=C42)[O-],7.0,0.085,0.0,0.0,0.0,0.0,1.0,0.0,0.0,0.0,1.0,0.0,0.0
755,C12=[S]3ON=C1C[S](CC2=NO3)(=O)=O,7.0,-0.227,0.0,0.0,0.0,0.0,1.0,0.0,0.0,0.0,0.0,1.0,0.0
611,C1(=C[N+]3=C(C=C1C)C2=[N+](C=C(C(=C2)C)C)CC3)C,7.0,-0.613,0.0,0.0,0.0,0.0,1.0,0.0,0.0,0.0,0.0,1.0,0.0
865,C1=CC(=CC2=C1C=CC(=O)O2)O,7.0,0.315,0.0,0.0,0.0,0.0,1.0,0.0,0.0,0.0,0.0,1.0,0.0
779,C1=CC(=CC(=C1)O)O,7.0,0.385,0.0,0.0,0.0,0.0,1.0,0.0,0.0,0.0,0.0,1.0,0.0
154,BrCC1=CC(C(C=CC2[O])[O-])=C2C=C1,7.67,-0.092,0.0,0.0,0.0,0.0,1.0,0.0,0.0,0.0,1.0,0.0,0.0
287,C1=C(C=CC(=C1)[CH2-])CN,7.0,-0.53,0.0,0.0,0.0,1.0,0.0,0.0,0.0,0.0,1.0,0.0,0.0
549,CC1=NC=C(N1CC(CCl)O)[N+](=O)[O-],7.0,-0.467,0.0,0.0,0.0,0.0,1.0,0.0,0.0,0.0,0.0,1.0,0.0
17,OCC1=C(CO)C=C[C-]1[Fe+2][C-]2C=CC=C2,7.0,0.474,0.0,0.0,0.0,0.0,0.0,0.0,1.0,0.0,0.0,1.0,0.0
127,C1=CC(=C(C=C1O)C(=O)O)O,13.5,0.033,0.0,0.0,0.0,0.0,1.0,0.0,0.0,0.0,0.0,1.0,0.0
322,C1[CH]OCO1,7.0,-0.1,0.0,0.0,0.0,1.0,0.0,0.0,0.0,0.0,0.0,0.0,1.0
255,COC(=O)C1=CC(=C(C(=C1)O)O)O,3.5,0.098,0.0,0.0,0.0,0.0,1.0,0.0,0.0,0.0,0.0,1.0,0.0
601,C1(=C[N+]3=C(C=C1)C2=[N+](C=CC=C2)CC3)OC,7.0,-0.45,0.0,0.0,0.0,0.0,1.0,0.0,0.0,0.0,0.0,1.0,0.0
877,CC(C)([C@H](C(=O)O)N)S,7.0,1.345,0.0,0.0,0.0,0.0,1.0,0.0,0.0,0.0,0.0,1.0,0.0
190,[O]C1C2=CC=CC=C2C([O-])C3=C1C=CC(S(=O)([O-])=O)=C3,7.0,-0.266,0.0,0.0,0.0,0.0,0.0,0.0,0.0,1.0,1.0,0.0,0.0
115,C1=CC(=CC(=C1)O)O,13.5,0.3,0.0,0.0,0.0,0.0,1.0,0.0,0.0,0.0,0.0,1.0,0.0
584,C1=CSC(=C1)[N+](=O)[O-],7.0,-0.395,0.0,0.0,0.0,0.0,1.0,0.0,0.0,0.0,0.0,1.0,0.0
180,[O]C1C2=CC=CC=C2C([O-])C3=C(O)C=CC(O)=C13,7.0,-0.249,0.0,0.0,0.0,0.0,1.0,0.0,0.0,0.0,1.0,0.0,0.0
301,[CH2-]C1=CC=CC=C1,7.0,-1.21,0.0,0.0,0.0,1.0,0.0,0.0,0.0,0.0,1.0,0.0,0.0
693,CC1=C(C=C[N+](=C1)CCC[S](=O)(=O)[O-])C2=C(C=[N+](C=C2)CCC[S](=O)(=O)[O-])C,7.0,-0.79,0.0,0.0,0.0,0.0,1.0,0.0,0.0,0.0,0.0,1.0,0.0
650,CC(C)[N+]1=CC=C(C=C1)C2=CC=[N+](C=C2)C(C)C,7.0,-0.45,0.0,0.0,0.0,0.0,1.0,0.0,0.0,0.0,0.0,1.0,0.0
891,C1=CC2=C(C3=C(C=CC=N3)C=C2)N=C1.C1=CC2=C(C3=C(C=CC=N3)C=C2)N=C1.C1=CC2=C(C3=C(C=CC=N3)C=C2)N=C1.[Ru+2],7.0,1.62,0.0,0.0,0.0,0.0,0.0,1.0,0.0,0.0,0.0,1.0,0.0
625,C1C[N+]2=CC=CC3=C2C4=C(C=CC=[N+]41)C=C3,7.0,-0.28,0.0,0.0,0.0,0.0,1.0,0.0,0.0,0.0,0.0,1.0,0.0
605,CC1=C2C3=C(C=CC=[N+]3CC[N+]2=CC=C1)C,7.0,-0.58,0.0,0.0,0.0,0.0,1.0,0.0,0.0,0.0,0.0,1.0,0.0
517,CC1=CN(C(=N1)[N+](=O)[O-])SC2=NC(=NC3=C2NC=N3)N,7.0,-0.49,0.0,0.0,0.0,0.0,1.0,0.0,0.0,0.0,0.0,1.0,0.0
896,N.N.N.N.N.N.[Co+2],7.0,0.108,0.0,0.0,0.0,0.0,1.0,0.0,0.0,0.0,0.0,1.0,0.0
45,CC1=C(C)[C-]([Fe+2][C-]2C(C)=C(C(C)=C2C)C)C(C)=C1C,7.0,0.753,0.0,0.0,0.0,0.0,0.0,1.0,0.0,0.0,0.0,1.0,0.0
825,C1=CC=C2C(=C1)NC3=C(S2)C=C(C=C3)F,7.0,0.722,0.0,0.0,0.0,0.0,1.0,0.0,0.0,0.0,0.0,1.0,0.0
157,CNC(OCC1=CC2=C(C(C=CC2[O-])[O])C=C1)=O,7.67,-0.099,0.0,0.0,0.0,0.0,1.0,0.0,0.0,0.0,1.0,0.0,0.0
677,C[N+]1=CC=C(C=C1)C2=CC=[N+](C=C2)CCC[N+]3=CC=C(C=C3)C4=CC=[N+](C=C4)C,7.0,-0.33,0.0,0.0,0.0,0.0,1.0,0.0,0.0,0.0,0.0,1.0,0.0
171,CC1=C(C(O)C2=C(C1O)C=CC=N2)C,7.0,-0.317,0.0,0.0,0.0,0.0,1.0,0.0,0.0,0.0,0.0,1.0,0.0
16,OCC1=CC=C[C-]1[Fe+2][C-]1C(CO)=CC(=C1),7.0,0.474,0.0,0.0,0.0,0.0,0.0,0.0,1.0,0.0,0.0,1.0,0.0
511,CN1C=NC(=C1S(=O)(=O)NC2=CC=CC=C2)[N+](=O)[O-],7.0,-0.398,0.0,0.0,0.0,0.0,1.0,0.0,0.0,0.0,0.0,1.0,0.0
48,C1=CC(O)C=CC1O,7.0,0.459,0.0,0.0,0.0,0.0,1.0,0.0,0.0,0.0,0.0,1.0,0.0
883,C1CSS[C@@H]1CCCCC(=O)O,7.0,1.13,0.0,0.0,0.0,0.0,1.0,0.0,0.0,0.0,0.0,1.0,0.0
764,CNC1=CC=C(C=C1)O,7.0,0.146,0.0,0.0,0.0,0.0,1.0,0.0,0.0,0.0,0.0,1.0,0.0
515,CN1C=NC(=C1S(=O)(=O)OC2=CC=C(C=C2)OC)[N+](=O)[O-],7.0,-0.335,0.0,0.0,0.0,0.0,1.0,0.0,0.0,0.0,0.0,1.0,0.0
626,C1C[N+]2=CC=CC3=C2C4=C(C=CC=[N+]4C1)C=C3,7.0,-0.27,0.0,0.0,0.0,0.0,1.0,0.0,0.0,0.0,0.0,1.0,0.0
480,CN(C)CC(CN1C=CN=C1[N+](=O)[O-])O,7.0,-0.351,0.0,0.0,0.0,0.0,1.0,0.0,0.0,0.0,0.0,1.0,0.0
283,CC1=CC(=CC=C1)[CH2-],7.0,-1.26,0.0,0.0,0.0,1.0,0.0,0.0,0.0,0.0,1.0,0.0,0.0
598,C1(=C[N+]3=C(C=C1)C2=[N+](C=CC=C2)CC3)C#N,7.0,0.0,0.0,0.0,0.0,0.0,1.0,0.0,0.0,0.0,0.0,1.0,0.0
225,CC1=C(C2=C(N1C)C([O-])C(=CC2[O])OC)CO,7.0,-0.376,0.0,0.0,0.0,0.0,1.0,0.0,0.0,0.0,1.0,0.0,0.0
26,CN(C)C(C)C1=CC=C[C-]1[Fe+2][C-]1C=CC=C1,7.0,0.584,0.0,0.0,0.0,0.0,0.0,0.0,1.0,0.0,0.0,1.0,0.0
712,CCCCC[N+]1=CC=C(C=C1)C2=CC=[N+](C=C2)CCO,7.0,-0.438,0.0,0.0,0.0,0.0,1.0,0.0,0.0,0.0,0.0,1.0,0.0
437,C1=CN(C(=N1)[N+](=O)[O-])CCO,7.0,-0.398,0.0,0.0,0.0,0.0,1.0,0.0,0.0,0.0,0.0,1.0,0.0
864,C13=C(C=CC=C1)[S-](C2=C(C=CC=C2)N3)[O+],7.0,0.8,0.0,0.0,0.0,0.0,1.0,0.0,0.0,0.0,0.0,1.0,0.0
364,C2(C1=C4[N](C(=C1C(C(=C2C)C)=O)C3=CC=CC=C3)CCC4)=O,7.0,-0.435,0.0,0.0,0.0,0.0,1.0,0.0,0.0,0.0,0.0,1.0,0.0
229,CC1=C(C2=C(N1C3CC3)C([O])C=C(C2[O-])OC)CO,7.0,-0.336,0.0,0.0,0.0,0.0,1.0,0.0,0.0,0.0,1.0,0.0,0.0
37,CC1=C[C-]([Fe+2][C-]2C(C3CN([H])C(O3)=O)=CC(C)=C2)C=C1,7.0,0.389,0.0,0.0,0.0,0.0,0.0,0.0,1.0,0.0,0.0,1.0,0.0
878,C(CS)C(=O)O,7.0,1.359,0.0,0.0,0.0,0.0,1.0,0.0,0.0,0.0,0.0,1.0,0.0
374,C1=CC2=C(C=C1S(=O)(=O)[O-])C(=C(N2)C3=NC4=C(C3=O)C=C(C=C4)S(=O)(=O)[O-])O,7.0,-0.247,0.0,0.0,0.0,0.0,1.0,0.0,0.0,0.0,0.0,1.0,0.0
469,C1COCCN1CCCCCCCCCCCN2C=CN=C2[N+](=O)[O-],7.0,-0.403,0.0,0.0,0.0,0.0,1.0,0.0,0.0,0.0,0.0,1.0,0.0
880,C(CCC(=O)N)CC(CCS)S,7.0,1.7,0.0,0.0,0.0,0.0,1.0,0.0,0.0,0.0,0.0,1.0,0.0
773,C1=CC(=C(C=C1C(=O)O)O)O,7.0,0.119,0.0,0.0,0.0,0.0,1.0,0.0,0.0,0.0,0.0,1.0,0.0
868,C1=CC(=C(C2=C1C(=O)C3=C(C=CC(=C3C2=O)O)O)O)O,7.0,0.073,0.0,0.0,0.0,0.0,1.0,0.0,0.0,0.0,0.0,1.0,0.0
194,[O]C1C2=CC=CC=C2C([O-])C3=C1C=CC=C3S(=O)([O-])=O,7.0,-0.218,0.0,0.0,0.0,0.0,0.0,0.0,0.0,1.0,1.0,0.0,0.0
837,C1=CC3=C(C=C1)N(C2=C(C=CC=C2)S3)C,7.0,0.829,0.0,0.0,0.0,0.0,1.0,0.0,0.0,0.0,0.0,1.0,0.0
785,COC1=C(C=CC(=C1)O)O,7.0,-0.085,0.0,0.0,0.0,0.0,1.0,0.0,0.0,0.0,0.0,1.0,0.0
503,CN1C=NC(=C1S(=O)(=O)N2CCOCC2)[N+](=O)[O-],7.0,-0.406,0.0,0.0,0.0,0.0,1.0,0.0,0.0,0.0,0.0,1.0,0.0
882,CSSC,7.0,1.391,0.0,0.0,0.0,0.0,1.0,0.0,0.0,0.0,0.0,1.0,0.0
756,[C]12=[S]3ON=C1C[C]CC2=NO3,7.0,-0.416,0.0,0.0,0.0,0.0,1.0,0.0,0.0,0.0,0.0,1.0,0.0
579,C1=CC2=C(C(=C1)O)OC(=C2)[N+](=O)[O-],7.0,-0.288,0.0,0.0,0.0,0.0,1.0,0.0,0.0,0.0,0.0,1.0,0.0
881,C([C@H]([C@H](CS)O)O)S,7.0,1.724,0.0,0.0,0.0,0.0,1.0,0.0,0.0,0.0,0.0,1.0,0.0
162,CC1=C(SC[C@H](NC(CC[C@H](N)C(O)=O)=O)C(NCC(O)=O)=O)C(C2=CC=CC=C2C1[O])[O-],7.67,-0.192,0.0,0.0,0.0,0.0,1.0,0.0,0.0,0.0,1.0,0.0,0.0
678,C[N+]1=CC=C(C=C1)C2=CC=[N+](C=C2)CCCC[N+]3=CC=C(C=C3)C4=CC=[N+](C=C4)C,7.0,-0.39,0.0,0.0,0.0,0.0,1.0,0.0,0.0,0.0,0.0,1.0,0.0
152,CC(OCC1=CC(C2=CC=CC=C2C1[O-])[O])=O,7.67,-0.106,0.0,0.0,0.0,0.0,1.0,0.0,0.0,0.0,1.0,0.0,0.0
621,CC1=CC2=[N+](CCCC[N+]3=C2C=C(C=C3)C)C=C1,7.0,-0.78,0.0,0.0,0.0,0.0,1.0,0.0,0.0,0.0,0.0,1.0,0.0
643,C1=C[N+](=CC=C1C2=CC=[N+](C=C2)CCO)CCO,7.0,-0.403,0.0,0.0,0.0,0.0,1.0,0.0,0.0,0.0,0.0,1.0,0.0
687,CC1=CC=C(C=C1)C2=[N+](C=CC(=C2)C3=CC(=[N+](C=C3)C)C4=CC=C(C=C4)C)C,7.0,-0.439,0.0,0.0,0.0,0.0,1.0,0.0,0.0,0.0,0.0,1.0,0.0
111,CNCC(=O)C1=CC(=C(C=C1)O)O,13.5,0.18,0.0,0.0,0.0,0.0,1.0,0.0,0.0,0.0,0.0,1.0,0.0
226,CC1=C(C([O-])C2=C(C1[O])N(C(=C2CO)C)C)OC,7.0,-0.317,0.0,0.0,0.0,0.0,1.0,0.0,0.0,0.0,1.0,0.0,0.0
710,CCSCC[N+]1=CC=C(C=C1)C2=CC=[N+](C=C2)CC,7.0,-0.428,0.0,0.0,0.0,0.0,1.0,0.0,0.0,0.0,0.0,1.0,0.0
103,COC(=O)C1=CC(=C(C=C1)O)O,13.5,0.119,0.0,0.0,0.0,0.0,1.0,0.0,0.0,0.0,0.0,1.0,0.0
421,CN1C(=CN=C1[N+](=O)[O-])C(=O)[O-],7.0,-0.385,0.0,0.0,0.0,0.0,1.0,0.0,0.0,0.0,0.0,1.0,0.0
419,C1=C(NC(=N1)[N+](=O)[O-])CN,7.0,-0.267,0.0,0.0,0.0,0.0,1.0,0.0,0.0,0.0,0.0,1.0,0.0
586,CC1(C(NC(=O)NC1=O)O)[N+](=O)[O-],7.0,-0.405,0.0,0.0,0.0,0.0,1.0,0.0,0.0,0.0,0.0,1.0,0.0
119,COC1=CC(=CC(=C1)O)O,7.0,0.84,0.0,0.0,0.0,0.0,1.0,0.0,0.0,0.0,0.0,1.0,0.0
53,CC1=CC([O])C=CC1[O-],7.0,0.023,0.0,0.0,0.0,0.0,1.0,0.0,0.0,0.0,1.0,0.0,0.0
151,COCC1=CC(C2=CC=CC=C2C1[O-])[O],7.67,-0.129,0.0,0.0,0.0,0.0,1.0,0.0,0.0,0.0,1.0,0.0,0.0
403,CN(C)C(=O)C1=CC(=C(C=C1[N+](=O)[O-])[N+](=O)[O-])N2CC2,7.0,-0.377,0.0,0.0,0.0,0.0,1.0,0.0,0.0,0.0,0.0,1.0,0.0
859,C(N1CCN(CC1)CCCN3C2=CC=CC=C2SC4=C3C=C(C=C4)[S](=O)(=O)N(C)C)CO,7.0,0.83,0.0,0.0,0.0,0.0,1.0,0.0,0.0,0.0,0.0,1.0,0.0
207,CC1=C(C)C(C2=C(C3=CC=CC=C3)N(C)C(C)=C2C1[O])[O-],7.0,-0.452,0.0,0.0,0.0,0.0,1.0,0.0,0.0,0.0,1.0,0.0,0.0
767,C1=CC(=CC=C1C[C@@H](C(=O)O)N)O,7.0,0.64,0.0,0.0,0.0,0.0,1.0,0.0,0.0,0.0,0.0,1.0,0.0
694,CC1=[N+](C=CC(=C1)C2=CC(=[N+](C=C2)CCC[S](=O)(=O)[O-])C)CCC[S](=O)(=O)[O-],7.0,-0.46,0.0,0.0,0.0,0.0,1.0,0.0,0.0,0.0,0.0,1.0,0.0
8,C1=CC=C[C-]1[Fe+2][C-]2C=CC=C2CCC(N)=O,7.0,0.414,0.0,0.0,0.0,0.0,0.0,0.0,1.0,0.0,0.0,1.0,0.0
735,C1=NC(=C(N1)C(=O)N)N,7.0,-0.584,0.0,0.0,0.0,0.0,1.0,0.0,0.0,0.0,0.0,1.0,0.0
36,OCCNCC1=C[C-]([Fe+2][C-]2C=CC=C2)C=C1,7.0,0.549,0.0,0.0,0.0,0.0,0.0,0.0,1.0,0.0,0.0,1.0,0.0
452,CCS(=O)(=O)CCN1C=CN=C1[N+](=O)[O-],7.0,-0.368,0.0,0.0,0.0,0.0,1.0,0.0,0.0,0.0,0.0,1.0,0.0
253,COC(=O)C1=CC(=C(C(=C1)O)O)O,3.5,0.91,0.0,0.0,0.0,0.0,1.0,0.0,0.0,0.0,0.0,1.0,0.0
303,C1=CC=C(C=C1)[CH]C2=CC=CC=C2,7.0,0.59,0.0,0.0,0.0,1.0,0.0,0.0,0.0,0.0,0.0,0.0,1.0
679,CC1=[N+](C=CC(=C1)C2=CC=[N+](C=C2)C)C,7.0,-0.5,0.0,0.0,0.0,0.0,1.0,0.0,0.0,0.0,0.0,1.0,0.0
571,CN(C)CCCNC1=C2C(=CC=C(C2=NC3=CC=CC=C31)OC)[N+](=O)[O-],7.0,-0.361,0.0,0.0,0.0,0.0,1.0,0.0,0.0,0.0,0.0,1.0,0.0
623,C1=CC2=C(C3=C(C=CC=[NH+]3)C=C2)[NH+]=C1,7.0,-0.54,0.0,0.0,0.0,0.0,1.0,0.0,0.0,0.0,0.0,1.0,0.0
705,COC(=O)\C(=C(\C[N+]1=CC=C(C=C1)C2=CC=[N+](C=C2)C)[H])[H],7.0,-0.381,0.0,0.0,0.0,0.0,1.0,0.0,0.0,0.0,0.0,1.0,0.0
657,CN(C)C(=O)CC[N+]1=CC=C(C=C1)C2=CC=[N+](C=C2)CCC(=O)N(C)C,7.0,-0.385,0.0,0.0,0.0,0.0,1.0,0.0,0.0,0.0,0.0,1.0,0.0
262,C1[C@@H]([C@@H](OC2=CC(=CC(=C21)O)O)C3=CC(=C(C(=C3)O)O)O)OC(=O)C4=CC(=C(C(=C4)O)O)O,7.0,0.43,0.0,0.0,0.0,0.0,1.0,0.0,0.0,0.0,0.0,1.0,0.0
610,C1=C[N+]3=C(C=C1)C2=[N+](C=C(C=C2)OCCC)CC3,7.0,-0.44,0.0,0.0,0.0,0.0,1.0,0.0,0.0,0.0,0.0,1.0,0.0
297,C1(=CC=CC=C1)[C](C)OC,7.0,0.15,0.0,0.0,0.0,1.0,0.0,0.0,0.0,0.0,0.0,0.0,1.0
414,C1=CC=C2C(=C1)C=CC(=N2)C=CC3=CC=C(O3)[N+](=O)[O-],7.0,-0.276,0.0,0.0,0.0,0.0,1.0,0.0,0.0,0.0,0.0,1.0,0.0
150,[O]C1C2=CC=CC=C2C([O-])C(CO)=C1,7.67,-0.152,0.0,0.0,0.0,0.0,1.0,0.0,0.0,0.0,1.0,0.0,0.0
718,C\C(=C(\C[N+]1=CC=C(C=C1)C2=CC=[N+](C=C2)CCCF)[H])[H],7.0,-0.418,0.0,0.0,0.0,0.0,1.0,0.0,0.0,0.0,0.0,1.0,0.0
640,C1=C[N+](=CC=C1C2=CC=[N+](C=C2)CCCl)CCCl,7.0,-0.335,0.0,0.0,0.0,0.0,1.0,0.0,0.0,0.0,0.0,1.0,0.0
806,C1=CC=C2C(=C1)C(=CN2)C[C@@H](C(=O)O)N,7.0,1.14,0.0,0.0,0.0,0.0,1.0,0.0,0.0,0.0,0.0,1.0,0.0
550,CCOC(=O)CN1C=NC(=C1[N+](=O)[O-])I,7.0,-0.475,0.0,0.0,0.0,0.0,1.0,0.0,0.0,0.0,0.0,1.0,0.0
721,COCC[N+]1=CC=C(C=C1)C2=CC=[N+](C=C2)C\C(=C(/C)Cl)[H],7.0,-0.393,0.0,0.0,0.0,0.0,1.0,0.0,0.0,0.0,0.0,1.0,0.0
488,C1CCN(CC1)CC(CN2C=CN=C2[N+](=O)[O-])O,7.0,-0.346,0.0,0.0,0.0,0.0,1.0,0.0,0.0,0.0,0.0,1.0,0.0
147,CC1=CC(C2=CC=CC=C2C1O)O,7.0,0.193,0.0,0.0,0.0,0.0,1.0,0.0,0.0,0.0,0.0,1.0,0.0
146,CC1=CC(C2=CC=CC=C2C1[O-])[O],7.0,-0.335,0.0,0.0,0.0,0.0,1.0,0.0,0.0,0.0,1.0,0.0,0.0
658,CCOC(=O)CCC[N+]1=CC=C(C=C1)C2=CC=[N+](C=C2)CCCC(=O)OCC,7.0,-0.433,0.0,0.0,0.0,0.0,1.0,0.0,0.0,0.0,0.0,1.0,0.0
845,C1=CC3=C(C=C1)N(C2=C(C=CC=C2)S3)CC(C)N(CC)CC,7.0,0.9,0.0,0.0,0.0,0.0,1.0,0.0,0.0,0.0,0.0,1.0,0.0
673,CCCCCCCCCCCCCCCCCC[N+]1=CC=C(C=C1)C2=CC=[N+](C=C2)CCCCCCCCCCCCCCCCCC,7.0,-0.28,0.0,0.0,0.0,0.0,1.0,0.0,0.0,0.0,0.0,1.0,0.0
348,CC(=O)OCC1=CC2=C(C=C1)C(=O)C=CC2=O,7.0,-0.094,0.0,0.0,0.0,0.0,1.0,0.0,0.0,0.0,0.0,1.0,0.0
463,C1=CN=C([N]1CCCN2CCOCC2)[N+](=O)[O-],7.0,-0.386,0.0,0.0,0.0,0.0,1.0,0.0,0.0,0.0,0.0,1.0,0.0
325,CN([CH2-])C1=CC=CC=C1,7.0,-1.79,0.0,0.0,0.0,1.0,0.0,0.0,0.0,0.0,1.0,0.0,0.0
186,OC1=CC=CC2=C1C(C3=C(C(O)=CC=C3)C2[O])[O-],7.0,-0.306,0.0,0.0,0.0,0.0,1.0,0.0,0.0,0.0,1.0,0.0,0.0
123,C1=C(C(=CC(=C1S(=O)(=O)[O-])O)S(=O)(=O)[O-])O,12.9,0.116,0.0,0.0,0.0,0.0,1.0,0.0,0.0,0.0,0.0,1.0,0.0
774,C1=CC(=C(C=C1CC(=O)O)O)O,7.0,0.021,0.0,0.0,0.0,0.0,1.0,0.0,0.0,0.0,0.0,1.0,0.0
608,C1=C([N+]3=C(C=C1)C2=[N+](C(=CC=C2)C)CC3)C,7.0,-0.48,0.0,0.0,0.0,0.0,1.0,0.0,0.0,0.0,0.0,1.0,0.0
143,[O]C1C2=CC=CC=C2C([O-])C(S(=O)([O-])=O)=C1,7.0,-0.06,0.0,0.0,0.0,0.0,1.0,0.0,0.0,0.0,1.0,0.0,0.0
894,C1=CN=C(C=N1)C2=NC=CN=C2.C1=CN=C(C=N1)C2=NC=CN=C2.C1=CN=C(C=N1)C2=NC=CN=C2.[Ru],7.0,2.65,0.0,0.0,0.0,0.0,0.0,1.0,0.0,0.0,0.0,1.0,0.0
197,OCCNCCNC1=C(C(C2=C(O)C=CC(O)=C2C3[O-])[O])C3=C(NCCNCCO)C=C1,7.0,-0.527,0.0,0.0,0.0,0.0,1.0,0.0,0.0,0.0,1.0,0.0,0.0
609,C1=C[N+]3=C(C=C1)C2=[N+](C=CC=C2)C(C3C)C,7.0,-0.35,0.0,0.0,0.0,0.0,1.0,0.0,0.0,0.0,0.0,1.0,0.0
279,C1=C(C=CC=C1[CH2])CN,7.0,1.32,0.0,0.0,0.0,1.0,0.0,0.0,0.0,0.0,0.0,0.0,1.0
293,[C](O)(C1=CC=C(C=C1)C)C,7.0,-0.22,0.0,0.0,0.0,1.0,0.0,0.0,0.0,0.0,0.0,0.0,1.0
400,C1=CC(=CC=C1C(CCN(C)C)=O)[N+](=O)[O-],7.0,-0.315,0.0,0.0,0.0,0.0,1.0,0.0,0.0,0.0,0.0,1.0,0.0
122,COC1=CC(=CC(=C1)O)O,7.0,1.06,0.0,0.0,0.0,0.0,1.0,0.0,0.0,0.0,0.0,1.0,0.0
183,[O]C1C2=CC=CC=C2C([O-])C3=C(O)C=CC(N)=C13,11.0,-0.414,0.0,0.0,0.0,0.0,1.0,0.0,0.0,0.0,1.0,0.0,0.0
202,CC1=C(C)C(C2=C(C3=CC=CC=C3)N(C)C(C)=C2C1[O])[O-],7.0,-0.423,0.0,0.0,0.0,0.0,1.0,0.0,0.0,0.0,1.0,0.0,0.0
438,C1=C(N=C(N1CCO)[N+](=O)[O-])[N+](=O)[O-],7.0,-0.238,0.0,0.0,0.0,0.0,1.0,0.0,0.0,0.0,0.0,1.0,0.0
246,CN(C1=CC([O-])C=CC1=NC3=C2C=CC=CC2=NC4=CC=CC=C34)C,7.0,-0.01,0.0,0.0,0.0,0.0,1.0,0.0,0.0,0.0,1.0,0.0,0.0
415,C1=CC=C2C(=C1)C=CC(=N2)C=CC=CC3=CC=C(O3)[N+](=O)[O-],7.0,-0.265,0.0,0.0,0.0,0.0,1.0,0.0,0.0,0.0,0.0,1.0,0.0
885,CC1C=NNC1=O,7.0,0.32,0.0,0.0,0.0,0.0,1.0,0.0,0.0,0.0,0.0,1.0,0.0
129,OC1C(Cl)=CC(O)C(Cl)=C1,7.0,0.617,0.0,0.0,0.0,0.0,1.0,0.0,0.0,0.0,0.0,1.0,0.0
637,C1=C[N+](=CC=C1C2=CC=[N+](C=C2)CC#N)CC#N,7.0,-0.15,0.0,0.0,0.0,0.0,1.0,0.0,0.0,0.0,0.0,1.0,0.0
402,CNC(=O)C1=CC(=C(C=C1[N+](=O)[O-])[N+](=O)[O-])N2CC2,7.0,-0.387,0.0,0.0,0.0,0.0,1.0,0.0,0.0,0.0,0.0,1.0,0.0
714,C=CC[N+]1=CC=C(C=C1)C2=CC=[N+](C=C2)CC,7.0,-0.428,0.0,0.0,0.0,0.0,1.0,0.0,0.0,0.0,0.0,1.0,0.0
824,C1=CC=C2C(=C1)NC3=C(S2)C=C(C=C3)Cl,7.0,0.763,0.0,0.0,0.0,0.0,1.0,0.0,0.0,0.0,0.0,1.0,0.0
829,COC1=CC2=C(C=C1)NC3=CC=CC=C3S2,7.0,0.59,0.0,0.0,0.0,0.0,1.0,0.0,0.0,0.0,0.0,1.0,0.0
219,C[C@H]1[C@@H](O)[C@@H](N)C[C@H](O[C@H]2C[C@@](C(C)=O)(O)CC3=C2C(O)=C4C(C(C5=C(C(OC)=CC=C5)C4[O-])[O])=C3O)O1,7.0,-0.341,0.0,0.0,0.0,0.0,1.0,0.0,0.0,0.0,1.0,0.0,0.0
641,O\N=C(\C[N+]1=CC=C(C=C1)C2=CC=[N+](C=C2)C\C(=N\O)[H])[H],7.0,-0.325,0.0,0.0,0.0,0.0,1.0,0.0,0.0,0.0,0.0,1.0,0.0
861,C1=CC=C2C(=C1)C=CC4=C2SC3=CC=CC=C3N4,7.0,0.628,0.0,0.0,0.0,0.0,1.0,0.0,0.0,0.0,0.0,1.0,0.0
684,CC1=C(C=C[N+](=C1)C)C2=C(C=[N+](C=C2)C)C,7.0,-0.83,0.0,0.0,0.0,0.0,1.0,0.0,0.0,0.0,0.0,1.0,0.0
834,COC1=CC2=C(C=C1)NC3=C(S2)C(=CC=C3)Cl,7.0,0.668,0.0,0.0,0.0,0.0,1.0,0.0,0.0,0.0,0.0,1.0,0.0
624,C[N+]1=CC=CC2=C1C3=C(C=CC=[N+]3C)C=C2,7.0,-0.51,0.0,0.0,0.0,0.0,1.0,0.0,0.0,0.0,0.0,1.0,0.0
762,C1(=CC=C(C=C1)O)N,7.0,0.217,0.0,0.0,0.0,0.0,1.0,0.0,0.0,0.0,0.0,1.0,0.0
692,CCOC(=O)C[N+]1=C(C=C(C=C1)C2=CC(=[N+](C=C2)CC(=O)OCC)C)C,7.0,-0.323,0.0,0.0,0.0,0.0,1.0,0.0,0.0,0.0,0.0,1.0,0.0
386,C1=CC(=C(C=C1[N+](=O)[O-])C(=O)O)[N+](=O)[O-],7.0,-0.272,0.0,0.0,0.0,0.0,1.0,0.0,0.0,0.0,0.0,1.0,0.0
884,CC1=NNC(=O)C1,7.0,0.39,0.0,0.0,0.0,0.0,1.0,0.0,0.0,0.0,0.0,1.0,0.0
509,CN1C=NC(=C1S(=O)(=O)OC2=CC=C(C=C2)Cl)[N+](=O)[O-],7.0,-0.345,0.0,0.0,0.0,0.0,1.0,0.0,0.0,0.0,0.0,1.0,0.0
267,C1[C@H]([C@@H](OC2=CC(=CC(=C21)O)O)C3=CC(=C(C=C3)O)O)O,0.0,1.12,0.0,0.0,0.0,0.0,1.0,0.0,0.0,0.0,0.0,1.0,0.0
746,CC1=CC2=C(C=C1C)N(C3=NC(=O)NC(=O)C3=N2)C[C@@H]([C@@H]([C@@H](COP(=O)(O)OP(=O)(O)OC[C@@H]4[C@H]([C@H]([C@@H](O4)N5C=NC6=C(N=CN=C65)N)O)O)O)O)O,7.0,-0.241,0.0,0.0,0.0,0.0,1.0,0.0,0.0,0.0,0.0,1.0,0.0
441,COC(=O)CN1C=CN=C1[N+](=O)[O-],7.0,0.355,0.0,0.0,0.0,0.0,1.0,0.0,0.0,0.0,0.0,1.0,0.0
496,CN1C=NC(=C1S)[N+](=O)[O-],7.0,-0.538,0.0,0.0,0.0,0.0,1.0,0.0,0.0,0.0,0.0,1.0,0.0
112,C1=CC(=C(C=C1CC(C(=O)O)N)O)O,13.5,0.014,0.0,0.0,0.0,0.0,1.0,0.0,0.0,0.0,0.0,1.0,0.0
691,CC(=O)C[N+]1=C(C=C(C=C1)C2=CC(=[N+](C=C2)CC(C)=O)C)C,7.0,-0.356,0.0,0.0,0.0,0.0,1.0,0.0,0.0,0.0,0.0,1.0,0.0
232,CC1=C(C([O-])C2=C(C1[O])N(C(=C2CO)C)C3=CC=CC=C3)OC,7.0,-0.345,0.0,0.0,0.0,0.0,1.0,0.0,0.0,0.0,1.0,0.0,0.0
790,CC1=C(C=CC(=C1C)O)O,7.0,0.385,0.0,0.0,0.0,0.0,1.0,0.0,0.0,0.0,0.0,1.0,0.0
607,CC1=C[N+]2=C(C=C1)C3=[N+](CC2)C=C(C=C3)C,7.0,-0.479,0.0,0.0,0.0,0.0,1.0,0.0,0.0,0.0,0.0,1.0,0.0
671,CC1COCC(N1C(=O)C[N+]2=CC=C(C=C2)C3=CC=[N+](C=C3)CC(=O)N4C(COCC4C)C)C,7.0,-0.291,0.0,0.0,0.0,0.0,1.0,0.0,0.0,0.0,0.0,1.0,0.0
373,C[C@H]1[C@H]([C@H](C[C@@H](O1)O[C@H]2C[C@@](CC3=C2C(=C4C(=C3O)C(=O)C5=C(C4=O)C(=CC=C5)OC)O)(C(=O)C)O)N)O,7.0,-0.305,0.0,0.0,0.0,0.0,1.0,0.0,0.0,0.0,0.0,1.0,0.0
893,C1=CC=C([C-]=C1)C2=CC=CC=N2.C1=CC=C([C-]=C1)C2=CC=CC=N2.C1=CC=C([C-]=C1)C2=CC=CC=N2.[Ir+3],7.0,2.05,0.0,0.0,0.0,0.0,0.0,1.0,0.0,0.0,0.0,1.0,0.0
766,CN(C)C1=CC=C(C=C1)O,7.0,0.174,0.0,0.0,0.0,0.0,1.0,0.0,0.0,0.0,0.0,1.0,0.0
233,CC1=C(CO)C2=C(C(C=C(OC)C2[O-])[O])N1C3=CC=C(F)C=C3,7.0,-0.31,0.0,0.0,0.0,0.0,1.0,0.0,0.0,0.0,1.0,0.0,0.0
715,C=CC[N+]1=CC=C(C=C1)C2=CC=[N+](C=C2)CCCC#N,7.0,-0.383,0.0,0.0,0.0,0.0,1.0,0.0,0.0,0.0,0.0,1.0,0.0
676,C[N+]1=CC=C(C=C1)C2=CC=[N+](C=C2)CC[N+]3=CC=C(C=C3)C4=CC=[N+](C=C4)C,7.0,-0.28,0.0,0.0,0.0,0.0,1.0,0.0,0.0,0.0,0.0,1.0,0.0
317,C1=CC=CC2=C1[CH-]C3C2C=CC=C3,7.0,-0.52,0.0,0.0,0.0,1.0,0.0,0.0,0.0,0.0,1.0,0.0,0.0
648,C1=C[N+](=CC=C1C2=CC=[N+](C=C2)CCCS(=O)(=O)[O-])CCCS(=O)(=O)[O-],7.0,-0.38,0.0,0.0,0.0,0.0,1.0,0.0,0.0,0.0,0.0,1.0,0.0
410,COCC1=CC=C(O1)[N+](=O)[O-],7.0,-0.338,0.0,0.0,0.0,0.0,1.0,0.0,0.0,0.0,0.0,1.0,0.0
817,C1=NC2=C(N1)C(=O)NC(=N2)N,7.0,0.62,0.0,0.0,0.0,0.0,1.0,0.0,0.0,0.0,0.0,1.0,0.0
358,C2(C1=C(C)N(C(=C1C(C=C2)=O)C3=CC=CC=C3)C)=O,7.0,-0.44,0.0,0.0,0.0,0.0,1.0,0.0,0.0,0.0,0.0,1.0,0.0
258,C1=C(C=C(C(=C1O)O)O)CCN,7.0,0.042,0.0,0.0,0.0,0.0,1.0,0.0,0.0,0.0,0.0,1.0,0.0
627,ClC3=C2C=CC1=CC=C[N+]4=C1C2=[N+](C=C3)CCC4,7.0,-0.11,0.0,0.0,0.0,0.0,1.0,0.0,0.0,0.0,0.0,1.0,0.0
632,C[N+]1=C(C=CC2=CC=CC=C21)C3=[N+](C4=CC=CC=C4C=C3)C,7.0,-0.25,0.0,0.0,0.0,0.0,1.0,0.0,0.0,0.0,0.0,1.0,0.0
282,C1(=CC=C(C=C1)[CH2-])C,7.0,-1.38,0.0,0.0,0.0,1.0,0.0,0.0,0.0,0.0,1.0,0.0,0.0
376,C1(C=C(C(C(=C1)C)=O)Br)=C2C=C(C(C(=C2)Br)=O)Br,7.0,0.26,0.0,0.0,0.0,0.0,1.0,0.0,0.0,0.0,0.0,1.0,0.0
384,C1=CC(=CC=C1[N+](=O)[O-])[N+](=O)[O-],7.0,-0.257,0.0,0.0,0.0,0.0,1.0,0.0,0.0,0.0,0.0,1.0,0.0
224,CN1C=C(CO)C2=C1C(C(OC)=CC2[O])[O-],7.0,-0.332,0.0,0.0,0.0,0.0,1.0,0.0,0.0,0.0,1.0,0.0,0.0
866,CC1=C(C2=CC=CC=C2C(=C1)O)O,7.0,0.19,0.0,0.0,0.0,0.0,1.0,0.0,0.0,0.0,0.0,1.0,0.0
741,CC[N+]1=CC=C(C=C1)C#N,7.0,-0.626,0.0,0.0,0.0,0.0,1.0,0.0,0.0,0.0,0.0,1.0,0.0
472,C1CCN(CC1)CCN2C=CN=C2[N+](=O)[O-],7.0,-0.325,0.0,0.0,0.0,0.0,1.0,0.0,0.0,0.0,0.0,1.0,0.0
347,C1=CC2=C(C=C1CCl)C(=O)C=CC2=O,7.0,-0.094,0.0,0.0,0.0,0.0,1.0,0.0,0.0,0.0,0.0,1.0,0.0
505,CN1C=NC(=C1OC2=CC=CC=C2)[N+](=O)[O-],7.0,-0.56,0.0,0.0,0.0,0.0,1.0,0.0,0.0,0.0,0.0,1.0,0.0
639,O=[S](=O)([O-])CC[N+]1=CC=C(C=C1)C2=CC=[N+](C=C2)CC[S](=O)(=O)[O-],7.0,-0.36,0.0,0.0,0.0,0.0,1.0,0.0,0.0,0.0,0.0,1.0,0.0
899,C1=CC=NC(=C1)C2=CC=CC=N2.C1=CC=NC(=C1)C2=CC=CC=N2.C1=CC=NC(=C1)C2=CC=CC=N2.[Fe+2],7.0,1.03,0.0,0.0,0.0,0.0,1.0,0.0,0.0,0.0,0.0,1.0,0.0
843,CC(CN1C2=CC=CC=C2SC3=CC=CC=C31)[N+](C)(C)C.COS(=O)(=O)[O-],7.0,0.861,0.0,0.0,0.0,0.0,1.0,0.0,0.0,0.0,0.0,1.0,0.0
826,C1=CC=C2C(=C1)NC3=C(S2)C=C(C=C3)I,7.0,0.758,0.0,0.0,0.0,0.0,1.0,0.0,0.0,0.0,0.0,1.0,0.0
619,CC2=C(C=[N+]1CCC[N+]3=C(C1=C2)C=C(C)C(=C3)C)C,7.0,-0.77,0.0,0.0,0.0,0.0,1.0,0.0,0.0,0.0,0.0,1.0,0.0
846,C1=CC3=C(C=C1)N(C2=C(C=CC=C2)S3)CCCN(CC)CC,7.0,0.954,0.0,0.0,0.0,0.0,1.0,0.0,0.0,0.0,0.0,1.0,0.0
645,C1=C(C=[N+]2C(=C1)N(CC2)C3=CC=CC=C3)[N+](=O)[O-],7.0,-0.266,0.0,0.0,0.0,0.0,1.0,0.0,0.0,0.0,0.0,1.0,0.0
889,C1=CC=NC(=C1)C2=CC=CC=N2.C1=CC=NC(=C1)C2=CC=CC=N2.C1=CC=NC(=C1)C2=CC=CC=N2.[Fe+2],7.0,1.41,0.0,0.0,0.0,0.0,0.0,1.0,0.0,0.0,0.0,1.0,0.0
556,C1CSC2=NC=C(N21)[N+](=O)[O-],7.0,-0.467,0.0,0.0,0.0,0.0,1.0,0.0,0.0,0.0,0.0,1.0,0.0
870,C1[C@@H]([C@H](OC2=CC(=CC(=C21)O)O)C3=CC(=C(C=C3)O)O)O,7.0,0.079,0.0,0.0,0.0,0.0,1.0,0.0,0.0,0.0,0.0,1.0,0.0
577,CN1C2=C(N=C1[N+](=O)[O-])N(C(=O)N(C2=O)C)C,7.0,-0.205,0.0,0.0,0.0,0.0,1.0,0.0,0.0,0.0,0.0,1.0,0.0
85,CC1=CC([O])C(=C(C1[O-])OC)OC,7.0,-0.13,0.0,0.0,0.0,0.0,1.0,0.0,0.0,0.0,1.0,0.0,0.0
242,C1=C(C([O])C(=CC1=C2C=C(C([O-])C(=C2)Cl)Cl)Cl)Cl,7.0,0.26,0.0,0.0,0.0,0.0,1.0,0.0,0.0,0.0,1.0,0.0,0.0
698,C[N+]1=CC=C(C=C1)C2=CC=[N+](C=C2)CCO,7.0,-0.422,0.0,0.0,0.0,0.0,1.0,0.0,0.0,0.0,0.0,1.0,0.0
159,COC1=C(OC)C(C2=CC=CC=C2C1[O])[O-],7.0,-0.24,0.0,0.0,0.0,0.0,1.0,0.0,0.0,0.0,1.0,0.0,0.0
524,CN1C=C(N=C1S(=O)(=O)C)[N+](=O)[O-],7.0,-0.446,0.0,0.0,0.0,0.0,1.0,0.0,0.0,0.0,0.0,1.0,0.0
35,NC(CO)CC1=C[C-]([Fe+2][C-]2C=CC=C2)C=C1,7.0,0.454,0.0,0.0,0.0,0.0,0.0,0.0,1.0,0.0,0.0,1.0,0.0
540,CN1C(=CN=C1I)[N+](=O)[O-],7.0,-0.454,0.0,0.0,0.0,0.0,1.0,0.0,0.0,0.0,0.0,1.0,0.0
170,CC1=CC(O)C2=C(C1O)N=CC=C2,7.0,-0.282,0.0,0.0,0.0,0.0,1.0,0.0,0.0,0.0,0.0,1.0,0.0
654,CN(C)C(=O)C[N+]1=CC=C(C=C1)C2=CC=[N+](C=C2)CC(=O)N(C)C,7.0,-0.301,0.0,0.0,0.0,0.0,1.0,0.0,0.0,0.0,0.0,1.0,0.0
778,C1(=CC=C(C=C1O)CC(C(O)=O)N)O,7.0,0.014,0.0,0.0,0.0,0.0,1.0,0.0,0.0,0.0,0.0,1.0,0.0
770,C[C@@H](C(=O)N[C@@H](CC1=CC=C(C=C1)O)C(=O)O)N,7.0,0.85,0.0,0.0,0.0,0.0,1.0,0.0,0.0,0.0,0.0,1.0,0.0
858,CN1CCN(CC1)CCCN2C3=CC=CC=C3SC4=C2C=C(C=C4)S(=O)(=O)N(C)C,7.0,0.877,0.0,0.0,0.0,0.0,1.0,0.0,0.0,0.0,0.0,1.0,0.0
733,C1CSSC1CCCCC(=O)N,7.0,-1.6,0.0,0.0,0.0,0.0,1.0,0.0,0.0,0.0,0.0,1.0,0.0
95,C1=CC=C(C(=C1)[O])[O-],7.0,0.21,0.0,0.0,0.0,0.0,1.0,0.0,0.0,0.0,1.0,0.0,0.0
563,CCOC(=O)C[N]1C=CC=C2C(=CN=C12)[N+](=O)[O-],7.0,-0.616,0.0,0.0,0.0,0.0,1.0,0.0,0.0,0.0,0.0,1.0,0.0
240,COC1=CC([O])C2=C(C1[O-])C(=C3N2CCC3)CO,7.0,-0.317,0.0,0.0,0.0,0.0,1.0,0.0,0.0,0.0,1.0,0.0,0.0
742,C1=CC(=C[N+](=C1)[C@H]2[C@@H]([C@@H]([C@H](O2)COP(=O)([O-])OP(=O)(O)OC[C@@H]3[C@H]([C@H]([C@@H](O3)N4C=NC5=C(N=CN=C54)N)O)O)O)O)C(=O)N,7.0,-0.93,0.0,0.0,0.0,0.0,1.0,0.0,0.0,0.0,0.0,1.0,0.0
574,CC(=O)OCCN(CCOC(=O)C)C1=CC=C(C2=C(C3=CC=CC=C3N=C12)NCCCN(C)C)[N+](=O)[O-],7.0,-0.314,0.0,0.0,0.0,0.0,1.0,0.0,0.0,0.0,0.0,1.0,0.0
690,CC1=[N+](C=CC(=C1)C2=CC(=[N+](C=C2)CCO)C)CCO,7.0,-0.481,0.0,0.0,0.0,0.0,1.0,0.0,0.0,0.0,0.0,1.0,0.0
460,C1=CN=C([N]1CC(COC(CCl)COC(C)C)O)[N+](=O)[O-],7.0,-0.395,0.0,0.0,0.0,0.0,1.0,0.0,0.0,0.0,0.0,1.0,0.0
553,CC1=NC=C(N1CC(COC)O)[N+](=O)[O-]  ,7.0,-0.479,0.0,0.0,0.0,0.0,1.0,0.0,0.0,0.0,0.0,1.0,0.0
796,C1=CC=C(C=C1)N,7.0,1.03,0.0,0.0,0.0,0.0,1.0,0.0,0.0,0.0,0.0,1.0,0.0
206,[O-]C1C2=C(CCC3)N3C(C4=CC=CC=C4)=C2C([O])C(C)=C1C,7.0,-0.435,0.0,0.0,0.0,0.0,1.0,0.0,0.0,0.0,1.0,0.0,0.0
392,C1=CC=C(C=C1)[N+](=O)[O-],7.0,-0.486,0.0,0.0,0.0,0.0,1.0,0.0,0.0,0.0,0.0,1.0,0.0
397,C1=CC(=CC=C1C(=O)O)[N+](=O)[O-],7.0,-0.396,0.0,0.0,0.0,0.0,1.0,0.0,0.0,0.0,0.0,1.0,0.0
827,CC1=CC2=C(C=C1)NC3=CC=CC=C3S2,7.0,0.651,0.0,0.0,0.0,0.0,1.0,0.0,0.0,0.0,0.0,1.0,0.0
217,[O-]C1C2=CC=CC=C2C3=CC=CC=C3C1[O],7.0,-0.124,0.0,0.0,0.0,0.0,1.0,0.0,0.0,0.0,1.0,0.0,0.0
4,O=C(O)CCCC1=CC=C[C-]1[Fe+2][C-]1C=CC=C1,7.0,0.324,0.0,0.0,0.0,0.0,0.0,0.0,1.0,0.0,0.0,1.0,0.0
642,CC[N+]1=CC=C(C=C1)C2=CC=[N+](C=C2)CC,7.0,-0.455,0.0,0.0,0.0,0.0,1.0,0.0,0.0,0.0,0.0,1.0,0.0
814,C1=C(NC(=O)N=C1)N,7.0,0.83,0.0,0.0,0.0,0.0,1.0,0.0,0.0,0.0,0.0,1.0,0.0
612,C1=C[N+]4=C(C=C1)C2=[N+](C(=CC=C2)C3=CC=CC=C3)CC4,7.0,-0.32,0.0,0.0,0.0,0.0,1.0,0.0,0.0,0.0,0.0,1.0,0.0
738,C[N+]1=CC=C(C=C1)C(=O)N,7.0,-0.77,0.0,0.0,0.0,0.0,1.0,0.0,0.0,0.0,0.0,1.0,0.0
546,CN1C(=CN=C1SCCOC2=CC=C(C=C2)C(=O)O)[N+](=O)[O-],7.0,-0.481,0.0,0.0,0.0,0.0,1.0,0.0,0.0,0.0,0.0,1.0,0.0
725,C[N+]1=CC2=C(C=C1)C3=C(C=C2)C=[N+](C=C3)C,7.0,-0.374,0.0,0.0,0.0,0.0,1.0,0.0,0.0,0.0,0.0,1.0,0.0
683,CC1=[N+](C=CC(=C1)C2=CC(=[N+](C=C2)C)C)C,7.0,-0.552,0.0,0.0,0.0,0.0,1.0,0.0,0.0,0.0,0.0,1.0,0.0
98,C1=CC=C(C(=C1)O)O,11.0,0.139,0.0,0.0,0.0,0.0,1.0,0.0,0.0,0.0,0.0,1.0,0.0
727,C[N+]1=CC=CC2=C1C=CC3=C2C=CC=[N+]3C,7.0,-0.268,0.0,0.0,0.0,0.0,1.0,0.0,0.0,0.0,0.0,1.0,0.0
573,CN(C)CCCNC1=C2C(=CC=C(C2=NC3=CC=CC=C31)N(C)C)[N+](=O)[O-],7.0,-0.334,0.0,0.0,0.0,0.0,1.0,0.0,0.0,0.0,0.0,1.0,0.0
406,C1(=C(C=C(C(=C1)[N+](=O)[O-])N(C)C)C(=O)N([H])[H])[N+](=O)[O-],7.0,-0.464,0.0,0.0,0.0,0.0,1.0,0.0,0.0,0.0,0.0,1.0,0.0
502,CN(C)CN[S](=O)(=O)C1=C([N+]([O-])=O)N=C[N]1C,7.0,-0.402,0.0,0.0,0.0,0.0,1.0,0.0,0.0,0.0,0.0,1.0,0.0
47,C1=CC([O])C=CC1[O-],7.0,0.099,0.0,0.0,0.0,0.0,1.0,0.0,0.0,0.0,1.0,0.0,0.0
32,NCC(O)/C=C/C1=C[C-]([Fe+2][C-]2C=CC=C2)C=C1,7.0,0.444,0.0,0.0,0.0,0.0,0.0,0.0,1.0,0.0,0.0,1.0,0.0
200,[O-]C1C=CC([O])C2=C(C)N(C)C(C3=CC=CC=C3)=C12,7.0,-0.44,0.0,0.0,0.0,0.0,1.0,0.0,0.0,0.0,1.0,0.0,0.0
134,C1CN1C2=C(C([O-])C(=C(C2[O])F)N3CC3)F,7.0,0.09,0.0,0.0,0.0,0.0,1.0,0.0,0.0,0.0,1.0,0.0,0.0
27,C1=CC=C[C-]1[Fe+2][C-]1C([Si](C)(C)(C))=C(CN(C)(C))C=C1,7.0,0.584,0.0,0.0,0.0,0.0,0.0,0.0,1.0,0.0,0.0,1.0,0.0
798,C1=CC=C2C(=C1)C=CN2,7.0,1.24,0.0,0.0,0.0,0.0,1.0,0.0,0.0,0.0,0.0,1.0,0.0
230,CCC1=C(C2=C(N1CC3=CC=CC=C3)C([O])C=C(C2[O-])OC)CO,7.0,-0.326,0.0,0.0,0.0,0.0,1.0,0.0,0.0,0.0,1.0,0.0,0.0
489,C1CC(CN(C1)CC(CN2C=CN=C2[N+](=O)[O-])O)O,7.0,-0.357,0.0,0.0,0.0,0.0,1.0,0.0,0.0,0.0,0.0,1.0,0.0
772,C1=CC(=C(C(=C1)O)O)C(=O)O,7.0,0.118,0.0,0.0,0.0,0.0,1.0,0.0,0.0,0.0,0.0,1.0,0.0
378,C1=C(C2=C(C(=O)C(=O)C3=C2NC(=C3)C(=O)O)N=C1C(=O)O)C(=O)O,7.0,-0.114,0.0,0.0,0.0,0.0,1.0,0.0,0.0,0.0,0.0,1.0,0.0
288,C1(=CC=CC(=C1)[CH2-])CN,7.0,-0.87,0.0,0.0,0.0,1.0,0.0,0.0,0.0,0.0,1.0,0.0,0.0
418,C1=C(NC=C1[N+](=O)[O-])[N+](=O)[O-],7.0,-0.445,0.0,0.0,0.0,0.0,1.0,0.0,0.0,0.0,0.0,1.0,0.0
674,CCOC(=O)C(C1=CC=CC=C1)[N+]2=CC=C(C=C2)C3=CC=[N+](C=C3)C(C4=CC=CC=C4)C(=O)OCC,7.0,-0.188,0.0,0.0,0.0,0.0,1.0,0.0,0.0,0.0,0.0,1.0,0.0
391,CC(=O)C1=CC=C(C=C1)[N+](=O)[O-],7.0,-0.358,0.0,0.0,0.0,0.0,1.0,0.0,0.0,0.0,0.0,1.0,0.0
592,C1=CC=[N+]2C=C[N+]3=CC=CC=C3C2=C1,7.0,-0.27,0.0,0.0,0.0,0.0,1.0,0.0,0.0,0.0,0.0,1.0,0.0
498,CN1C=NC(=C1S(=O)(=O)C)[N+](=O)[O-],7.0,-0.355,0.0,0.0,0.0,0.0,1.0,0.0,0.0,0.0,0.0,1.0,0.0
138,C1=CC=C2C([O])C=CC([O-])C2=C1,7.8,-0.14,0.0,0.0,0.0,0.0,1.0,0.0,0.0,0.0,1.0,0.0,0.0
62,CC1=CC(O)C(=C(C1O)C)C,7.0,0.393,0.0,0.0,0.0,0.0,1.0,0.0,0.0,0.0,0.0,1.0,0.0
471,C1CCN(C1)CCCCN2C=CN=C2[N+](=O)[O-],7.0,-0.389,0.0,0.0,0.0,0.0,1.0,0.0,0.0,0.0,0.0,1.0,0.0
647,O=C(CC[N+]1=CC=C(C=C1)C2=CC=[N+](C=C2)CCC(=O)OO)OO,7.0,-0.431,0.0,0.0,0.0,0.0,1.0,0.0,0.0,0.0,0.0,1.0,0.0
128,[O]C1C(Cl)=CC([O-])C(Cl)=C1,7.0,0.47,0.0,0.0,0.0,0.0,1.0,0.0,0.0,0.0,1.0,0.0,0.0
888,C1=C[CH]C=C1.C1=C[CH]C=C1.[Fe],7.0,0.27,0.0,0.0,1.0,0.0,0.0,0.0,0.0,0.0,0.0,1.0,0.0
520,CN1C=NC(=C1S(=O)(=O)NC2=CC=CC3=CC=CC=C32)[N+](=O)[O-]  ,7.0,-0.453,0.0,0.0,0.0,0.0,1.0,0.0,0.0,0.0,0.0,1.0,0.0
64,CC1=C(C(O)C(=C(C1O)C)C)C,7.0,0.354,0.0,0.0,0.0,0.0,1.0,0.0,0.0,0.0,0.0,1.0,0.0
14,OC(C)C1=CC=C[C-]1[Fe+2][C-]1C=CC=C1,7.0,0.419,0.0,0.0,0.0,0.0,0.0,0.0,1.0,0.0,0.0,1.0,0.0
156,CC(OCC1=CC2=C(C(C=CC2[O-])[O])C=C1)=O,7.67,-0.094,0.0,0.0,0.0,0.0,1.0,0.0,0.0,0.0,1.0,0.0,0.0
40,OB(C1=CC=C[C-]1[Fe+2][C-]2C=CC=C2)(O)O,7.0,0.354,0.0,0.0,0.0,0.0,0.0,0.0,1.0,0.0,0.0,1.0,0.0
492,C1=NC(=C(N1)[N+](=O)[O-])I,7.0,-0.503,0.0,0.0,0.0,0.0,1.0,0.0,0.0,0.0,0.0,1.0,0.0
379,C1=CC=C(C4=C1C2=NN(C3=CC=C(C(C23)C4=O)NCCNCCO)CCNCCO)O,7.0,-0.538,0.0,0.0,0.0,0.0,1.0,0.0,0.0,0.0,0.0,1.0,0.0
187,OC1=CC=CC2=C1C(C3=C(C(O)=CC=C3)C2[O])[O-],11.0,-0.34,0.0,0.0,0.0,0.0,1.0,0.0,0.0,0.0,1.0,0.0,0.0
763,COC1=CC=C(C=C1)O,7.0,0.32,0.0,0.0,0.0,0.0,1.0,0.0,0.0,0.0,0.0,1.0,0.0
216,NC1=CC=CC2=C1C(N=NC2[O-])[O],7.0,0.24,0.0,0.0,0.0,0.0,1.0,0.0,0.0,0.0,1.0,0.0,0.0
791,CC1=C(C(=C(C(=C1C)O)C)C)O,7.0,0.95,0.0,0.0,0.0,0.0,1.0,0.0,0.0,0.0,0.0,1.0,0.0
52,C1=CC(O)C=CC1O,7.0,0.286,0.0,0.0,0.0,0.0,1.0,0.0,0.0,0.0,0.0,1.0,0.0
337,C1=CC=C2C(=O)C=CC(=O)C2=C1,7.0,-0.14,0.0,0.0,0.0,0.0,1.0,0.0,0.0,0.0,0.0,1.0,0.0
748,CC(=O)OCC(OC(C)=O)C(OC(C)=O)C(CN2C1=CC(=C(C)C=C1N=C3C(=O)N([H])C(=O)N=C23)C[N]4C=C[N+](=C4)C)OC(C)=O,7.0,-0.118,0.0,0.0,0.0,0.0,1.0,0.0,0.0,0.0,0.0,1.0,0.0
719,C=C(C)C[N+]1=CC=C(C=C1)C2=CC=[N+](C=C2)CC(N)=O,7.0,-0.336,0.0,0.0,0.0,0.0,1.0,0.0,0.0,0.0,0.0,1.0,0.0
724,C[N+]2=CC1=C3C(=CC=C1C=C2)[N+](=CC=C3)C,7.0,-0.302,0.0,0.0,0.0,0.0,1.0,0.0,0.0,0.0,0.0,1.0,0.0
295,C1=CC=CC=C1[C](O)C(F)(F)F,7.0,0.55,0.0,0.0,0.0,1.0,0.0,0.0,0.0,0.0,0.0,0.0,1.0
701,C[N+]1=CC=C(C=C1)C2=CC=[N+](C=C2)C\C(=C(\C#N)[H])[H],7.0,-0.369,0.0,0.0,0.0,0.0,1.0,0.0,0.0,0.0,0.0,1.0,0.0
251,C1=C(C=C(C(=C1O)O)O)C(=O)O,0.0,0.98,0.0,0.0,0.0,0.0,1.0,0.0,0.0,0.0,0.0,1.0,0.0
726,C[N+]1=CC2=C(C=C1)C3=C(C=C2)[N+](=CC=C3)C,7.0,-0.405,0.0,0.0,0.0,0.0,1.0,0.0,0.0,0.0,0.0,1.0,0.0
461,C1COCCN1CCN2C=NC=C2[N+](=O)[O-],7.0,-0.39,0.0,0.0,0.0,0.0,1.0,0.0,0.0,0.0,0.0,1.0,0.0
455,C1=CN(C(=N1)[N+](=O)[O-])CC(=O)N(CCO)CCO,7.0,-0.398,0.0,0.0,0.0,0.0,1.0,0.0,0.0,0.0,0.0,1.0,0.0
908,[C-]#N.[C-]#N.[C-]#N.[C-]#N.[C-]#N.[C-]#N.[Ru+2],7.0,0.86,0.0,0.0,0.0,0.0,1.0,0.0,0.0,0.0,0.0,1.0,0.0
815,C1=NC2=NC=NC(=C2N1)N,7.0,0.75,0.0,0.0,0.0,0.0,1.0,0.0,0.0,0.0,0.0,1.0,0.0
269,C1=CC(=C(C=C1C2C(C(=O)C3=C(C=C(C=C3O2)O)O)O)O)O,13.5,0.33,0.0,0.0,0.0,0.0,1.0,0.0,0.0,0.0,0.0,1.0,0.0
201,CC1=C(C)C(C2=C3N(CCC3)C=C2C1[O])[O-],7.0,-0.42,0.0,0.0,0.0,0.0,1.0,0.0,0.0,0.0,1.0,0.0,0.0
161,[O]C1C2=CC=CC=C2C([O-])C(SCC(NC(CCC(N)C(O)=O)=O)C(NCC(O)=O)=O)=C1,7.0,-0.132,0.0,0.0,0.0,0.0,1.0,0.0,0.0,0.0,1.0,0.0,0.0
555,CC1=NC=C(N1CCN2CCOCC2)[N+](=O)[O-],7.0,-0.457,0.0,0.0,0.0,0.0,1.0,0.0,0.0,0.0,0.0,1.0,0.0
729,C1=CC=[N+]2C=C3C(=CC2=C1)C=CC4=CC5=CC=CC=[N+]5C=C43,7.0,-0.3,0.0,0.0,0.0,0.0,1.0,0.0,0.0,0.0,0.0,1.0,0.0
401,C1CN1C2=C(C=C(C(=C2)C(=O)N)[N+](=O)[O-])[N+](=O)[O-],7.0,-0.385,0.0,0.0,0.0,0.0,1.0,0.0,0.0,0.0,0.0,1.0,0.0
702,CSC(=C[N+]1=CC=C(C=C1)C2=CC=[N+](C=C2)C)SC,7.0,-0.33,0.0,0.0,0.0,0.0,1.0,0.0,0.0,0.0,0.0,1.0,0.0
476,O=[N](=O)C1=NC=C[N]1CCNC2=NC=CC=C2,7.0,-0.395,0.0,0.0,0.0,0.0,1.0,0.0,0.0,0.0,0.0,1.0,0.0
821,C12=C(NC(=O)N1)NC(=O)NC2=O,7.0,0.26,0.0,0.0,0.0,0.0,1.0,0.0,0.0,0.0,0.0,1.0,0.0
771,C1=CC=C(C(=C1)O)O,7.0,0.043,0.0,0.0,0.0,0.0,1.0,0.0,0.0,0.0,0.0,1.0,0.0
105,C1=CC(=C(C=C1CCN)O)O,13.5,0.018,0.0,0.0,0.0,0.0,1.0,0.0,0.0,0.0,0.0,1.0,0.0
565,CCOC(=O)C[N+]2=C1[N](C=C(C1=CC=C2)[N+](=O)[O-])[H],7.0,-0.626,0.0,0.0,0.0,0.0,1.0,0.0,0.0,0.0,0.0,1.0,0.0
389,C1=CC(=C(C=C1[N+](=O)[O-])[N+](=O)[O-])O,7.0,-0.5,0.0,0.0,0.0,0.0,1.0,0.0,0.0,0.0,0.0,1.0,0.0
1,O=C(O)CC1=CC=C[C-]1[Fe+2][C-]1C=CC=C1,7.0,0.364,0.0,0.0,0.0,0.0,0.0,0.0,1.0,0.0,0.0,1.0,0.0
851,CN(C)CCCN1C2=CC=CC=C2SC3=C1C=C(C=C3)C(F)(F)F,7.0,0.894,0.0,0.0,0.0,0.0,1.0,0.0,0.0,0.0,0.0,1.0,0.0
561,C1=CC2=C(N=C1)N(C=C2[N+](=O)[O-])CC(=O)NCCO,7.0,-0.546,0.0,0.0,0.0,0.0,1.0,0.0,0.0,0.0,0.0,1.0,0.0
80,COC1=CC(O)C=C(C1O)OC,7.0,0.187,0.0,0.0,0.0,0.0,1.0,0.0,0.0,0.0,0.0,1.0,0.0
205,[O-]C1C2=C(CCC3)N3C(C)=C2C([O])C=C1,7.0,-0.438,0.0,0.0,0.0,0.0,1.0,0.0,0.0,0.0,1.0,0.0,0.0
34,OCC(N)CC1=C[C-]([Fe+2][C-]2C=CC=C2)C=C1,7.0,0.449,0.0,0.0,0.0,0.0,0.0,0.0,1.0,0.0,0.0,1.0,0.0
775,C1=CC(=C(C=C1CCN)O)O,7.0,0.018,0.0,0.0,0.0,0.0,1.0,0.0,0.0,0.0,0.0,1.0,0.0
508,CN1C=NC(=C1S(=O)(=O)OC2=CC=CC=C2)[N+](=O)[O-],7.0,-0.342,0.0,0.0,0.0,0.0,1.0,0.0,0.0,0.0,0.0,1.0,0.0
427,CN1C(=CN=C1[N+](=O)[O-])C(CO)O,7.0,-0.396,0.0,0.0,0.0,0.0,1.0,0.0,0.0,0.0,0.0,1.0,0.0
454,C=CCOCC(CN1C=CN=C1[N+](=O)[O-])O,7.0,-0.391,0.0,0.0,0.0,0.0,1.0,0.0,0.0,0.0,0.0,1.0,0.0
366,CCOC(=O)C1=C2C(=O)C=C(C(=O)C2=C3N1CCC3)C,7.0,-0.368,0.0,0.0,0.0,0.0,1.0,0.0,0.0,0.0,0.0,1.0,0.0
91,CC1=C(C(O)C(=CC1O)C/C=C(\C)/CC/C=C(\C)/CC/C=C(\C)/CC/C=C(\C)/CC/C=C(\C)/CC/C=C(\C)/CC/C=C(\C)/CC/C=C(\C)/CCC=C(C)C)C,7.0,0.055,0.0,0.0,0.0,0.0,1.0,0.0,0.0,0.0,0.0,1.0,0.0
339,C1=CC(=C2C(=O)C=CC(=O)C2=C1O)O,7.0,-0.11,0.0,0.0,0.0,0.0,1.0,0.0,0.0,0.0,0.0,1.0,0.0
564,O=C(C[N]1C=CC=C2C(=CN=C12)[N](=O)=O)NCCCN3CCOCC3,7.0,-0.632,0.0,0.0,0.0,0.0,1.0,0.0,0.0,0.0,0.0,1.0,0.0
345,C1=CC=C2C(=C1)C(=O)C=C(C2=O)COC(=O)NCCCl,7.0,-0.122,0.0,0.0,0.0,0.0,1.0,0.0,0.0,0.0,0.0,1.0,0.0
776,C1=CC(=C(C=C1[C@H](CN)O)O)O,7.0,0.044,0.0,0.0,0.0,0.0,1.0,0.0,0.0,0.0,0.0,1.0,0.0
241,[O]C(C(Br)=C/1)C(Br)=CC1=C2C=C(Br)C(C(Br)=C/2)[O-],7.0,0.26,0.0,0.0,0.0,0.0,1.0,0.0,0.0,0.0,1.0,0.0,0.0
13,C1=CC=C[C-]1[Fe+2][C-]1C=C(C=C1)CCO,7.0,0.364,0.0,0.0,0.0,0.0,0.0,0.0,1.0,0.0,0.0,1.0,0.0
315,CO[CH2-],7.0,-1.06,0.0,0.0,0.0,1.0,0.0,0.0,0.0,0.0,1.0,0.0,0.0
600,CC1C[N+]2=CC=CC=C2C3=CC=CC=[N+]13,7.0,-0.35,0.0,0.0,0.0,0.0,1.0,0.0,0.0,0.0,0.0,1.0,0.0
387,C1=CC(=C(C=C1C(=O)O)[N+](=O)[O-])[N+](=O)[O-],7.0,-0.271,0.0,0.0,0.0,0.0,1.0,0.0,0.0,0.0,0.0,1.0,0.0
273,C1=CC(=CC=C1[CH2])OC2=CC=CC=C2,7.0,0.69,0.0,0.0,0.0,1.0,0.0,0.0,0.0,0.0,0.0,0.0,1.0
166,CC1=C(C/C=C(CCCC(CCCC(CCCC(C)C)C)C)\C)C(C2=CC=CC=C2C1O)O,7.0,0.22,0.0,0.0,0.0,0.0,1.0,0.0,0.0,0.0,0.0,1.0,0.0
840,C1=CC3=C(C=C1)N(C2=C(C=CC=C2)S3)C(C)CN(C)C,7.0,0.89,0.0,0.0,0.0,0.0,1.0,0.0,0.0,0.0,0.0,1.0,0.0
904,C1=CC=NC(=C1)C2=CC=CC=N2.C1=CC=NC(=C1)C2=CC=CC=N2.C1=CC=NC(=C1)C2=CC=CC=N2.[Os+2],7.0,0.8,0.0,0.0,0.0,0.0,1.0,0.0,0.0,0.0,0.0,1.0,0.0
646,CC(=O)C[N+]1=CC=C(C=C1)C2=CC=[N+](C=C2)CC(=O)C,7.0,-0.305,0.0,0.0,0.0,0.0,1.0,0.0,0.0,0.0,0.0,1.0,0.0
818,C1=NC2=C(N1[C@H]3[C@@H]([C@@H]([C@H],7.0,0.71,0.0,0.0,0.0,0.0,1.0,0.0,0.0,0.0,0.0,1.0,0.0
484,COC1=CC=C(C=C1)NCC(CN2C=CN=C2[N+](=O)[O-])O,7.0,-0.391,0.0,0.0,0.0,0.0,1.0,0.0,0.0,0.0,0.0,1.0,0.0
892,C1=CC=C2C(=C1)SC3=CC=CC=C3S2,7.0,1.61,0.0,0.0,0.0,0.0,0.0,1.0,0.0,0.0,0.0,1.0,0.0
504,CN1C=NC(=C1S(=O)(=O)NCN2CCOCC2)[N+](=O)[O-],7.0,-0.394,0.0,0.0,0.0,0.0,1.0,0.0,0.0,0.0,0.0,1.0,0.0
831,CCOC1=CC2=C(C=C1)NC3=CC=CC=C3S2,7.0,0.58,0.0,0.0,0.0,0.0,1.0,0.0,0.0,0.0,0.0,1.0,0.0
243,[O-]C(C(C1=C2NC(C(O)=O)=C1)[O])C3=C2C(C(O)=O)=CC(C(O)=O)=C3,7.0,-0.114,0.0,0.0,0.0,0.0,1.0,0.0,0.0,0.0,1.0,0.0,0.0
566,CCN(CC)CC(CNC1=C2C=CC(=CC2=NC3=CC(=C(C=C31)OC)OC)[N+](=O)[O-])O,7.0,-0.26,0.0,0.0,0.0,0.0,1.0,0.0,0.0,0.0,0.0,1.0,0.0
562,C1COCCN1CCCNC(=O)CN2C=C(C3=C2N=CC=C3)[N+](=O)[O-],7.0,-0.532,0.0,0.0,0.0,0.0,1.0,0.0,0.0,0.0,0.0,1.0,0.0
686,C[N+]1=C(C=C(C=C1)C2=CC(=[N+](C=C2)C)C3=CC=CC=C3)C4=CC=CC=C4,7.0,-0.39,0.0,0.0,0.0,0.0,1.0,0.0,0.0,0.0,0.0,1.0,0.0
189,OC1=CC=CC2=C1C(C3=C(C=CC=C3O)C2[O])[O-],11.0,-0.405,0.0,0.0,0.0,0.0,1.0,0.0,0.0,0.0,1.0,0.0,0.0
782,C1=CC(=CC=C1O)O,7.0,1.041,0.0,0.0,0.0,0.0,1.0,0.0,0.0,0.0,0.0,1.0,0.0
699,C[N+]1=CC=C(C=C1)C2=CC=[N+](C=C2)CC=C,7.0,-0.426,0.0,0.0,0.0,0.0,1.0,0.0,0.0,0.0,0.0,1.0,0.0
475,O=[N](=O)C1=NC=C[N]1CCNC2CCNCC2,7.0,-0.399,0.0,0.0,0.0,0.0,1.0,0.0,0.0,0.0,0.0,1.0,0.0
681,CCC[N+]1=CC=C(C=C1)C2=CC(=[N+](C=C2)CCC)C,7.0,-0.5,0.0,0.0,0.0,0.0,1.0,0.0,0.0,0.0,0.0,1.0,0.0
510,CN1C=NC(=C1S(=O)(=O)OC2=CC=C(C=C2)[N+](=O)[O-])[N+](=O)[O-],7.0,-0.302,0.0,0.0,0.0,0.0,1.0,0.0,0.0,0.0,0.0,1.0,0.0
58,CC1=CC(O)C(=CC1O)C,7.0,0.18,0.0,0.0,0.0,0.0,1.0,0.0,0.0,0.0,0.0,1.0,0.0
474,C1CCN(CC1)CCCCN2C=CN=C2[N+](=O)[O-],7.0,-0.386,0.0,0.0,0.0,0.0,1.0,0.0,0.0,0.0,0.0,1.0,0.0
560,C1=CC2=C(N=C1)N(C=C2[N+](=O)[O-])CC(CO)O,7.0,-0.607,0.0,0.0,0.0,0.0,1.0,0.0,0.0,0.0,0.0,1.0,0.0
856,CN1CCN(CC1)CCCN2C3=CC=CC=C3SC4=C2C=C(C=C4)Cl,7.0,0.827,0.0,0.0,0.0,0.0,1.0,0.0,0.0,0.0,0.0,1.0,0.0
747,CC1=CC2=C(C=C1CN3C=CN=C3)N(C4=NC(=O)NC(=O)C4=N2)CC(C(C(CO)O)O)O,7.0,-0.173,0.0,0.0,0.0,0.0,1.0,0.0,0.0,0.0,0.0,1.0,0.0
252,COC(=O)C1=CC(=C(C(=C1)O)O)O,7.0,0.56,0.0,0.0,0.0,0.0,1.0,0.0,0.0,0.0,0.0,1.0,0.0
21,C1=CC=C[C-]1[Fe+2][C-]1C=CC=C1CCN,7.0,0.429,0.0,0.0,0.0,0.0,0.0,0.0,1.0,0.0,0.0,1.0,0.0
313,C[C-](C)C,7.0,-1.76,0.0,0.0,0.0,1.0,0.0,0.0,0.0,0.0,1.0,0.0,0.0
459,C1=CC=C(C=C1)OCCCN2C=CN=C2[N+](=O)[O-],7.0,-0.409,0.0,0.0,0.0,0.0,1.0,0.0,0.0,0.0,0.0,1.0,0.0
160,C1=CC=C2C(=C1)C([O-])C(=C(C2[O])Cl)Cl,7.0,-0.036,0.0,0.0,0.0,0.0,1.0,0.0,0.0,0.0,1.0,0.0,0.0
276,C1=CC(=CC=C1[CH2])Cl,7.0,0.97,0.0,0.0,0.0,1.0,0.0,0.0,0.0,0.0,0.0,0.0,1.0
191,[O]C1C2=CC=CC=C2C([O-])C3=C1C=CC(S(=O)([O-])=O)=C3,7.0,-0.39,0.0,0.0,0.0,0.0,1.0,0.0,0.0,0.0,1.0,0.0,0.0
385,C1=CC(=C(C=C1[N+](=O)[O-])[N+](=O)[O-])C(=O)O,7.0,-0.345,0.0,0.0,0.0,0.0,1.0,0.0,0.0,0.0,0.0,1.0,0.0
805,C1=CC=C2C(=C1)C(=CN2)CCN,7.0,0.0,0.0,0.0,0.0,0.0,1.0,0.0,0.0,0.0,0.0,1.0,0.0
413,CN1CCN(CC1)CC(=O)N/N=C/C2=CC=C(O2)[N+](=O)[O-],7.0,-0.214,0.0,0.0,0.0,0.0,1.0,0.0,0.0,0.0,0.0,1.0,0.0
491,CN1CCN(CC1)CC(CN2C=CN=C2[N+](=O)[O-])O,7.0,-0.37,0.0,0.0,0.0,0.0,1.0,0.0,0.0,0.0,0.0,1.0,0.0
343,COCC1=CC(=O)C2=CC=CC=C2C1=O,7.0,-0.129,0.0,0.0,0.0,0.0,1.0,0.0,0.0,0.0,0.0,1.0,0.0
769,CC(=O)N[C@@H](CC1=CC=C(C=C1)O)C(=O)N,7.0,0.65,0.0,0.0,0.0,0.0,1.0,0.0,0.0,0.0,0.0,1.0,0.0
308,C[CH]C1=CC=CC=C1,7.0,0.61,0.0,0.0,0.0,1.0,0.0,0.0,0.0,0.0,0.0,0.0,1.0
661,C1=CC=C(C=C1)[N+]2=CC=C(C=C2)C3=CC=[N+](C=C3)C4=CC=CC=C4,7.0,-0.288,0.0,0.0,0.0,0.0,1.0,0.0,0.0,0.0,0.0,1.0,0.0
130,OC1C(Cl)=CC(O)C(Cl)=C1,7.0,0.544,0.0,0.0,0.0,0.0,1.0,0.0,0.0,0.0,0.0,1.0,0.0
663,CCN(CC)C(=O)C[N+]1=CC=C(C=C1)C2=CC=[N+](C=C2)CC(=O)N(CC)CC,7.0,-0.318,0.0,0.0,0.0,0.0,1.0,0.0,0.0,0.0,0.0,1.0,0.0
871,C1[C@H]([C@H](OC2=CC(=CC(=C21)O)O)C3=CC(=C(C=C3)O)O)O,7.0,0.048,0.0,0.0,0.0,0.0,1.0,0.0,0.0,0.0,0.0,1.0,0.0
99,C1=CC=C(C(=C1)O)O,3.5,0.85,0.0,0.0,0.0,0.0,1.0,0.0,0.0,0.0,0.0,1.0,0.0
372,C[C@H]1[C@H]([C@H](C[C@@H](O1)O[C@H]2C[C@@](CC3=C2C(=C4C(=C3O)C(=O)C5=C(C4=O)C(=CC=C5)OC)O)(C(=O)CO)O)N)O,7.0,-0.292,0.0,0.0,0.0,0.0,1.0,0.0,0.0,0.0,0.0,1.0,0.0
87,CC1=C(C(O)C(=C(C1O)OC)OC)CC=C(C)C,7.0,0.19,0.0,0.0,0.0,0.0,1.0,0.0,0.0,0.0,0.0,1.0,0.0
458,C1=CC=C(C=C1)CNC(=O)CN2C=CN=C2[N+](=O)[O-],7.0,-0.38,0.0,0.0,0.0,0.0,1.0,0.0,0.0,0.0,0.0,1.0,0.0
330,CC1=CC(=O)C(=CC1=O)C,7.0,-0.067,0.0,0.0,0.0,0.0,1.0,0.0,0.0,0.0,0.0,1.0,0.0
214,OC(C1C(C(C(O1)=O)O)O)CO,7.0,0.054,0.0,0.0,0.0,0.0,1.0,0.0,0.0,0.0,0.0,1.0,0.0
466,C1COCCN1CCCCCN2C=CN=C2[N+](=O)[O-],7.0,-0.399,0.0,0.0,0.0,0.0,1.0,0.0,0.0,0.0,0.0,1.0,0.0
121,COC1=CC(=CC(=C1)O)O,0.0,0.85,0.0,0.0,0.0,0.0,1.0,0.0,0.0,0.0,0.0,1.0,0.0
614,C1C[N+]2=CC=CC=C2C3=CC=CC=[N+]3C1,7.0,-0.549,0.0,0.0,0.0,0.0,1.0,0.0,0.0,0.0,0.0,1.0,0.0
20,C1=CC=C[C-]1[Fe+2][C-]1C=CC=C1CN,7.0,0.539,0.0,0.0,0.0,0.0,0.0,0.0,1.0,0.0,0.0,1.0,0.0
700,COCC[N+]1=CC=C(C=C1)C2=CC=[N+](C=C2)C,7.0,-0.38,0.0,0.0,0.0,0.0,1.0,0.0,0.0,0.0,0.0,1.0,0.0
71,CC(C)(C)C1=CC([O])C=CC1[O-],7.0,-0.032,0.0,0.0,0.0,0.0,1.0,0.0,0.0,0.0,1.0,0.0,0.0
106,C1=CC(=C(C=C1C(CN)O)O)O,13.5,0.044,0.0,0.0,0.0,0.0,1.0,0.0,0.0,0.0,0.0,1.0,0.0
270,C1=CC(=C(C=C1C2C(C(=O)C3=C(C=C(C=C3O2)O)O)O)O)O,7.0,-0.037,0.0,0.0,0.0,0.0,1.0,0.0,0.0,0.0,0.0,1.0,0.0
860,C1=CC=C2C(=C1)C=CC3=C2NC4=CC=CC=C4S3,7.0,0.633,0.0,0.0,0.0,0.0,1.0,0.0,0.0,0.0,0.0,1.0,0.0
435,C1(=CN=C([N]1C)[N+](=O)[O-])C(=NN2CCCCC2)[H],7.0,-0.376,0.0,0.0,0.0,0.0,1.0,0.0,0.0,0.0,0.0,1.0,0.0
102,COC(C1=CC=CC(O)C1O)=O,13.5,0.118,0.0,0.0,0.0,0.0,1.0,0.0,0.0,0.0,0.0,1.0,0.0
